1,https://cdn.dsmcdn.com/ty184/product/media/images/20211001/17/138444894/252192378/0/0_org_zoom.jpg
2,https://cdn.dsmcdn.com/ty541/product/media/images/20220928/18/180895981/581885669/1/1_org_zoom.jpg
3,https://cdn.dsmcdn.com/ty454/product/media/images/20220614/15/125590297/117920493/1/1_org_zoom.jpg
4,https://cdn.dsmcdn.com/ty455/product/media/images/20220614/9/125455730/292483852/1/1_org_zoom.jpg
5,https://cdn.dsmcdn.com/ty360/product/media/images/20220315/17/70305207/292549823/1/1_org_zoom.jpg
6,https://cdn.dsmcdn.com/ty225/product/media/images/20211106/18/168186710/292523675/1/1_org_zoom.jpg
7,https://cdn.dsmcdn.com/ty526/product/media/images/20220909/10/171173304/534491537/1/1_org_zoom.jpg
8,https://cdn.dsmcdn.com/ty174/product/media/images/20210915/17/130206497/242423403/1/1_org_zoom.jpg
9,https://cdn.dsmcdn.com/ty548/product/media/images/20221001/15/183136719/585077931/1/1_org_zoom.jpg
10,https://cdn.dsmcdn.com/ty520/product/media/images/20220831/16/167388548/555831617/1/1_org_zoom.jpg
12,https://cdn.dsmcdn.com/ty536/product/media/images/20220920/12/177391340/548065962/1/1_org_zoom.jpg
13,https://cdn.dsmcdn.com/ty563/product/media/images/20221014/11/193282551/535765996/1/1_org_zoom.jpg
14,https://cdn.dsmcdn.com/ty499/product/media/images/20220804/17/154660914/535766301/1/1_org_zoom.jpg
15,https://cdn.dsmcdn.com/ty453/product/media/images/20220613/14/125257935/481230554/1/1_org_zoom.jpg
16,https://cdn.dsmcdn.com/ty499/product/media/images/20220804/17/154660848/535766203/1/1_org_zoom.jpg
17,https://cdn.dsmcdn.com/ty184/product/media/images/20211001/16/138389210/252147683/0/0_org_zoom.jpg
18,https://cdn.dsmcdn.com/ty492/product/media/images/20220728/16/151466046/530833647/1/1_org_zoom.jpg
19,https://cdn.dsmcdn.com/ty434/product/media/images/20220517/14/112669628/478837285/1/1_org_zoom.jpg
20,https://cdn.dsmcdn.com/ty521/product/media/images/20220901/12/168009115/556787068/1/1_org_zoom.jpg
21,https://cdn.dsmcdn.com/ty362/product/media/images/20220315/17/70305226/302326685/1/1_org_zoom.jpg
22,https://cdn.dsmcdn.com/ty539/product/media/images/20220920/18/177522575/574073391/1/1_org_zoom.jpg
23,https://cdn.dsmcdn.com/ty512/product/media/images/20220817/14/161464640/545994829/1/1_org_zoom.jpg
24,https://cdn.dsmcdn.com/ty453/product/media/images/20220613/9/124993692/292444480/1/1_org_zoom.jpg
25,https://cdn.dsmcdn.com/ty541/product/media/images/20220928/9/180703209/581535501/1/1_org_zoom.jpg
26,https://cdn.dsmcdn.com/ty264/product/media/images/20211206/13/5505228/331036763/1/1_org_zoom.jpg
27,https://cdn.dsmcdn.com/ty437/product/media/images/20220519/11/113491740/129690931/2/2_org_zoom.jpg
28,https://cdn.dsmcdn.com/ty541/product/media/images/20220927/12/180274273/580525600/1/1_org_zoom.jpg
29,https://cdn.dsmcdn.com/ty407/product/media/images/20220423/22/96755235/456442387/1/1_org_zoom.jpg
30,https://cdn.dsmcdn.com/ty444/product/media/images/20220602/16/120044340/492623463/1/1_org_zoom.jpg
31,https://cdn.dsmcdn.com/ty497/product/media/images/20220802/19/153702007/534012728/1/1_org_zoom.jpg
32,https://cdn.dsmcdn.com/ty491/product/media/images/20220725/19/149701017/528561343/1/1_org_zoom.jpg
33,https://cdn.dsmcdn.com/ty363/product/media/images/20220317/12/71390013/418206394/1/1_org_zoom.jpg
34,https://cdn.dsmcdn.com/ty434/product/media/images/20220517/20/112803087/481529736/1/1_org_zoom.jpg
35,https://cdn.dsmcdn.com/ty484/product/media/images/20220720/15/146754703/524560649/1/1_org_zoom.jpg
36,https://cdn.dsmcdn.com/ty286/product/media/images/20220104/13/21515281/351491658/1/1_org_zoom.jpg
37,https://cdn.dsmcdn.com/ty212/product/media/images/20211026/16/156776868/275530452/1/1_org_zoom.jpg
38,https://cdn.dsmcdn.com/ty469/product/media/images/20220706/13/136076084/515413748/8/8_org_zoom.jpg
39,https://cdn.dsmcdn.com/ty533/product/media/images/20220914/16/175212740/569243579/1/1_org_zoom.jpg
40,https://cdn.dsmcdn.com/ty540/product/media/images/20220926/15/180024681/579067581/1/1_org_zoom.jpg
41,https://cdn.dsmcdn.com/ty156/product/media/images/20210814/13/118506347/226965507/1/1_org_zoom.jpg
42,https://cdn.dsmcdn.com/ty467/product/media/images/20220701/13/133381495/511044991/1/1_org_zoom.jpg
43,https://cdn.dsmcdn.com/ty513/product/media/images/20220821/10/163404844/548661780/1/1_org_zoom.jpg
44,https://cdn.dsmcdn.com/ty489/product/media/images/20220725/19/149700927/528561214/1/1_org_zoom.jpg
45,https://cdn.dsmcdn.com/ty206/product/media/images/20211020/0/152469119/268899985/0/0_org_zoom.jpg
46,https://cdn.dsmcdn.com/ty407/product/media/images/20220423/22/96760727/456449064/1/1_org_zoom.jpg
47,https://cdn.dsmcdn.com/ty540/product/media/images/20220926/22/180132924/579642085/1/1_org_zoom.jpg
48,https://cdn.dsmcdn.com/ty405/product/media/images/20220423/21/96750249/456436426/1/1_org_zoom.jpg
49,https://cdn.dsmcdn.com/ty265/product/media/images/20211207/11/6237110/331759125/1/1_org_zoom.jpg
50,https://cdn.dsmcdn.com/ty424/product/media/images/20220509/13/107358934/474477130/1/1_org_zoom.jpg
51,https://cdn.dsmcdn.com/ty373/product/media/images/20220326/16/76361813/426601079/1/1_org_zoom.jpg
52,https://cdn.dsmcdn.com/ty440/product/media/images/20220523/8/114971600/484876597/2/2_org_zoom.jpg
53,https://cdn.dsmcdn.com/ty519/product/media/images/20220902/22/168739590/542841093/1/1_org_zoom.jpg
54,https://cdn.dsmcdn.com/ty396/product/media/images/20220414/19/91946702/449495790/1/1_org_zoom.jpg
55,https://cdn.dsmcdn.com/ty341/product/media/images/20220223/16/57408929/396254952/1/1_org_zoom.jpg
56,https://cdn.dsmcdn.com/ty386/product/media/images/20220406/12/84413709/343124626/1/1_org_zoom.jpg
57,https://cdn.dsmcdn.com/ty553/product/media/images/20221005/12/186410812/589622759/1/1_org_zoom.jpg
58,https://cdn.dsmcdn.com/ty439/product/media/images/20220525/16/116221036/487333877/1/1_org_zoom.jpg
59,https://cdn.dsmcdn.com/ty108/product/media/images/20210430/14/84113570/168995760/1/1_org_zoom.jpg
60,https://cdn.dsmcdn.com/ty161/product/media/images/20210819/17/120217524/229810485/1/1_org_zoom.jpg
61,https://cdn.dsmcdn.com/ty331/product/media/images/20220214/19/50297959/387574138/1/1_org_zoom.jpg
62,https://cdn.dsmcdn.com/ty550/product/media/images/20221003/15/184882729/587391474/1/1_org_zoom.jpg
63,https://cdn.dsmcdn.com/ty410/product/media/images/20220425/16/97405357/447144351/1/1_org_zoom.jpg
64,https://cdn.dsmcdn.com/ty458/product/media/images/20220617/19/126898871/502129416/1/1_org_zoom.jpg
65,https://cdn.dsmcdn.com/ty25/product/media/images/20201125/18/32521040/112935099/1/1_org_zoom.jpg
66,https://cdn.dsmcdn.com/ty24/product/media/images/20201116/10/26710285/106450738/1/1_org_zoom.jpg
67,https://cdn.dsmcdn.com/ty458/product/media/images/20220620/12/128009366/503438152/1/1_org_zoom.jpg
68,https://cdn.dsmcdn.com/ty544/product/media/images/20220930/16/181849292/463272710/1/1_org_zoom.jpg
69,https://cdn.dsmcdn.com/ty408/product/media/images/20220425/16/97403890/447158294/1/1_org_zoom.jpg
70,https://cdn.dsmcdn.com/ty317/product/media/images/20220131/23/39951477/377032608/1/1_org_zoom.jpg
71,https://cdn.dsmcdn.com/ty263/product/media/images/20211203/12/3528167/328435116/1/1_org_zoom.jpg
72,https://cdn.dsmcdn.com/ty547/product/media/images/20221003/12/184454397/586874853/1/1_org_zoom.jpg
73,https://cdn.dsmcdn.com/ty170/product/media/images/20210902/9/124923242/235966940/1/1_org_zoom.jpg
74,https://cdn.dsmcdn.com/ty135/product/media/images/20210625/13/104333427/121343094/1/1_org_zoom.jpg
75,https://cdn.dsmcdn.com/ty523/product/media/images/20220903/14/168876317/558576889/1/1_org_zoom.jpg
76,https://cdn.dsmcdn.com/ty270/product/media/images/20211216/18/12291663/339397937/1/1_org_zoom.jpg
77,https://cdn.dsmcdn.com/ty489/product/media/images/20220727/10/150658553/475837892/1/1_org_zoom.jpg
78,https://cdn.dsmcdn.com/ty257/product/media/images/20211127/19/156169/323919825/1/1_org_zoom.jpg
79,https://cdn.dsmcdn.com/ty292/product/media/images/20220110/10/23935886/354814259/1/1_org_zoom.jpg
80,https://cdn.dsmcdn.com/ty516/product/media/images/20220825/16/165572843/552353656/1/1_org_zoom.jpg
81,https://cdn.dsmcdn.com/ty394/product/media/images/20220412/12/89104303/445405341/1/1_org_zoom.jpg
82,https://cdn.dsmcdn.com/ty527/product/media/images/20220909/10/171163919/561701052/1/1_org_zoom.jpg
83,https://cdn.dsmcdn.com/ty532/product/media/images/20220913/18/174936826/568816826/1/1_org_zoom.jpg
84,https://cdn.dsmcdn.com/ty521/product/media/images/20220901/9/167922084/556589085/1/1_org_zoom.jpg
85,https://cdn.dsmcdn.com/ty433/product/media/images/20220517/20/112817837/481543708/1/1_org_zoom.jpg
86,https://cdn.dsmcdn.com/ty318/product/media/images/20220202/14/41808255/378512354/1/1_org_zoom.jpg
87,https://cdn.dsmcdn.com/ty514/product/media/images/20220824/11/164893561/551293277/1/1_org_zoom.jpg
88,https://cdn.dsmcdn.com/ty387/product/media/images/20220407/10/85295995/439742382/1/1_org_zoom.jpg
89,https://cdn.dsmcdn.com/ty326/product/media/images/20220207/15/46281283/350855754/2/2_org_zoom.jpg
90,https://cdn.dsmcdn.com/ty501/product/media/images/20220810/14/157494946/138347822/1/1_org_zoom.jpg
91,https://cdn.dsmcdn.com/ty335/product/media/images/20220217/11/51620926/389546940/1/1_org_zoom.jpg
92,https://cdn.dsmcdn.com/ty482/product/media/images/20220718/13/143818986/523433148/1/1_org_zoom.jpg
93,https://cdn.dsmcdn.com/ty343/product/media/images/20220224/13/57962650/397080315/1/1_org_zoom.jpg
94,https://cdn.dsmcdn.com/ty488/product/media/images/20220722/11/147418005/525730760/1/1_org_zoom.jpg
95,https://cdn.dsmcdn.com/ty534/product/media/images/20220915/17/175584282/560731524/2/2_org_zoom.jpg
96,https://cdn.dsmcdn.com/ty469/product/media/images/20220704/13/134977606/513429787/1/1_org_zoom.jpg
97,https://cdn.dsmcdn.com/ty467/product/media/images/20220701/12/133364713/511042405/1/1_org_zoom.jpg
98,https://cdn.dsmcdn.com/ty462/product/media/images/20220628/18/131331269/508452553/1/1_org_zoom.jpg
99,https://cdn.dsmcdn.com/ty307/product/media/images/20220125/18/35885105/370823902/1/1_org_zoom.jpg
100,https://cdn.dsmcdn.com/ty525/product/media/images/20220910/10/171490919/562056574/1/1_org_zoom.jpg
101,https://cdn.dsmcdn.com/ty115/product/media/images/20210517/12/88985574/175007395/1/1_org_zoom.jpg
102,https://cdn.dsmcdn.com/ty485/product/media/images/20220719/14/145670720/524061565/1/1_org_zoom.jpg
103,https://cdn.dsmcdn.com/ty38/product/media/images/20210322/0/74174810/119819284/1/1_org_zoom.jpg
104,https://cdn.dsmcdn.com/ty465/product/media/images/20220704/9/134772151/513126804/1/1_org_zoom.jpg
105,https://cdn.dsmcdn.com/ty267/product/media/images/20211213/17/10146388/336759209/1/1_org_zoom.jpg
106,https://cdn.dsmcdn.com/ty379/product/media/images/20220401/13/80356263/432963732/1/1_org_zoom.jpg
107,https://cdn.dsmcdn.com/ty511/product/media/images/20220818/14/162339283/138345564/1/1_org_zoom.jpg
108,https://cdn.dsmcdn.com/ty465/product/media/images/20220701/11/133355139/511028440/1/1_org_zoom.jpg
109,https://cdn.dsmcdn.com/ty569/product/media/images/20221017/14/195646030/356353975/1/1_org_zoom.jpg
110,https://cdn.dsmcdn.com/ty455/product/media/images/20220614/13/125537962/498608765/1/1_org_zoom.jpg
111,https://cdn.dsmcdn.com/ty384/product/media/images/20220405/15/83633348/437436441/1/1_org_zoom.jpg
112,https://cdn.dsmcdn.com/ty544/product/media/images/20220929/19/181424220/583199997/1/1_org_zoom.jpg
115,https://cdn.dsmcdn.com/ty461/product/media/images/20220623/16/129271889/505509256/1/1_org_zoom.jpg
116,https://cdn.dsmcdn.com/ty454/product/media/images/20220615/19/125993174/500518976/1/1_org_zoom.jpg
117,https://cdn.dsmcdn.com/ty458/product/media/images/20220617/16/126783528/501919587/1/1_org_zoom.jpg
118,https://cdn.dsmcdn.com/ty542/product/media/images/20220927/16/180345127/580972342/1/1_org_zoom.jpg
119,https://cdn.dsmcdn.com/ty279/product/media/images/20211229/18/18786513/347784804/1/1_org_zoom.jpg
120,https://cdn.dsmcdn.com/ty403/product/media/images/20220419/11/94230005/452590427/1/1_org_zoom.jpg
122,https://cdn.dsmcdn.com/ty457/product/media/images/20220621/12/128354954/484684898/1/1_org_zoom.jpg
123,https://cdn.dsmcdn.com/ty205/product/media/images/20211020/15/152898015/269470580/1/1_org_zoom.jpg
124,https://cdn.dsmcdn.com/ty538/product/media/images/20220922/11/178394138/575211420/1/1_org_zoom.jpg
125,https://cdn.dsmcdn.com/ty517/product/media/images/20220826/15/166029863/496851979/1/1_org_zoom.jpg
126,https://cdn.dsmcdn.com/ty453/product/media/images/20220615/19/125990421/500514835/1/1_org_zoom.jpg
128,https://cdn.dsmcdn.com/ty532/product/media/images/20220915/11/175446404/548427705/1/1_org_zoom.jpg
129,https://cdn.dsmcdn.com/ty550/product/media/images/20221003/13/184697766/587105427/1/1_org_zoom.jpg
130,https://cdn.dsmcdn.com/ty455/product/media/images/20220615/20/126013729/500548198/4/4_org_zoom.jpg
132,https://cdn.dsmcdn.com/ty526/product/media/images/20220909/10/171173790/561701573/1/1_org_zoom.jpg
133,https://cdn.dsmcdn.com/ty454/product/media/images/20220615/13/125839491/500309917/1/1_org_zoom.jpg
134,https://cdn.dsmcdn.com/ty516/product/media/images/20220824/16/165098279/551543513/1/1_org_zoom.jpg
135,https://cdn.dsmcdn.com/ty527/product/media/images/20220908/13/170706007/561205442/1/1_org_zoom.jpg
136,https://cdn.dsmcdn.com/ty346/product/media/images/20220302/16/61340509/401502762/1/1_org_zoom.jpg
137,https://cdn.dsmcdn.com/ty453/product/media/images/20220613/12/125240114/499387703/1/1_org_zoom.jpg
138,https://cdn.dsmcdn.com/ty507/product/media/images/20220816/9/160655623/545011304/1/1_org_zoom.jpg
139,https://cdn.dsmcdn.com/ty353/product/media/images/20220308/11/64842834/407952317/1/1_org_zoom.jpg
140,https://cdn.dsmcdn.com/ty292/product/media/images/20220111/14/24965825/356386402/1/1_org_zoom.jpg
141,https://cdn.dsmcdn.com/ty211/product/media/images/20211026/14/156626727/275319830/1/1_org_zoom.jpg
142,https://cdn.dsmcdn.com/ty537/product/media/images/20220920/18/177522942/574097902/1/1_org_zoom.jpg
143,https://cdn.dsmcdn.com/ty527/product/media/images/20220908/17/170860052/561348139/1/1_org_zoom.jpg
144,https://cdn.dsmcdn.com/ty520/product/media/images/20220901/17/168245306/557115517/1/1_org_zoom.jpg
145,https://cdn.dsmcdn.com/ty508/product/media/images/20220815/12/160086270/544325640/1/1_org_zoom.jpg
146,https://cdn.dsmcdn.com/ty540/product/media/images/20220926/22/180132613/579638427/1/1_org_zoom.jpg
147,https://cdn.dsmcdn.com/ty485/product/media/images/20220720/14/146750934/524554589/1/1_org_zoom.jpg
148,https://cdn.dsmcdn.com/ty534/product/media/images/20220919/11/176881867/561850268/1/1_org_zoom.jpg
149,https://cdn.dsmcdn.com/ty289/product/media/images/20220108/23/23531642/354082309/1/1_org_zoom.jpg
150,https://cdn.dsmcdn.com/ty542/product/media/images/20220927/15/180325458/580916225/1/1_org_zoom.jpg
151,https://cdn.dsmcdn.com/ty279/product/media/images/20211229/18/18784902/347783605/1/1_org_zoom.jpg
152,https://cdn.dsmcdn.com/ty440/product/media/images/20220527/13/116799964/488409227/1/1_org_zoom.jpg
153,https://cdn.dsmcdn.com/ty535/product/media/images/20220919/11/176881961/561850012/1/1_org_zoom.jpg
154,https://cdn.dsmcdn.com/ty171/product/media/images/20210908/12/127634644/239046974/1/1_org_zoom.jpg
155,https://cdn.dsmcdn.com/ty557/product/media/images/20221008/11/189190258/389640110/1/1_org_zoom.jpg
156,https://cdn.dsmcdn.com/ty536/product/media/images/20220915/18/175610230/569886180/1/1_org_zoom.jpg
157,https://cdn.dsmcdn.com/ty537/product/media/images/20220920/19/177543852/574138700/1/1_org_zoom.jpg
158,https://cdn.dsmcdn.com/ty252/product/media/images/20211125/14/111733741/321976667/1/1_org_zoom.jpg
159,https://cdn.dsmcdn.com/ty537/product/media/images/20220922/11/178387520/575200618/1/1_org_zoom.jpg
160,https://cdn.dsmcdn.com/ty531/product/media/images/20220913/9/174751960/568541892/1/1_org_zoom.jpg
161,https://cdn.dsmcdn.com/ty318/product/media/images/20220202/19/42230449/378832789/1/1_org_zoom.jpg
162,https://cdn.dsmcdn.com/ty461/product/media/images/20220625/12/129755255/506354860/1/1_org_zoom.jpg
164,https://cdn.dsmcdn.com/ty526/product/media/images/20220909/16/171281390/561849567/1/1_org_zoom.jpg
165,https://cdn.dsmcdn.com/ty535/product/media/images/20220915/18/175615437/569887370/1/1_org_zoom.jpg
166,https://cdn.dsmcdn.com/ty549/product/media/images/20221003/18/185041181/587590886/1/1_org_zoom.jpg
167,https://cdn.dsmcdn.com/ty517/product/media/images/20220824/15/165064752/551500711/1/1_org_zoom.jpg
168,https://cdn.dsmcdn.com/ty536/product/media/images/20220916/11/175949405/570319891/1/1_org_zoom.jpg
169,https://cdn.dsmcdn.com/ty306/product/media/images/20220125/17/35859985/276835732/2/2_org_zoom.jpg
170,https://cdn.dsmcdn.com/ty517/product/media/images/20220827/15/166341607/554065576/1/1_org_zoom.jpg
171,https://cdn.dsmcdn.com/ty405/product/media/images/20220423/22/96755214/456442373/1/1_org_zoom.jpg
172,https://cdn.dsmcdn.com/ty553/product/media/images/20221006/17/187720592/590723609/1/1_org_zoom.jpg
173,https://cdn.dsmcdn.com/ty446/product/media/images/20220601/13/119306745/491727287/1/1_org_zoom.jpg
174,https://cdn.dsmcdn.com/ty499/product/media/images/20220808/10/156057946/537926105/1/1_org_zoom.jpg
175,https://cdn.dsmcdn.com/ty357/product/media/images/20220311/16/68046810/412811269/1/1_org_zoom.jpg
176,https://cdn.dsmcdn.com/ty531/product/media/images/20220913/8/174738984/568529637/1/1_org_zoom.jpg
177,https://cdn.dsmcdn.com/ty454/product/media/images/20220613/13/125247376/499394701/1/1_org_zoom.jpg
178,https://cdn.dsmcdn.com/ty538/product/media/images/20220920/18/177525692/574088986/1/1_org_zoom.jpg
179,https://cdn.dsmcdn.com/ty543/product/media/images/20220930/18/181893954/583869549/1/1_org_zoom.jpg
180,https://cdn.dsmcdn.com/ty544/product/media/images/20220930/16/181849882/582534773/1/1_org_zoom.jpg
181,https://cdn.dsmcdn.com/ty537/product/media/images/20220920/18/177517612/574058156/1/1_org_zoom.jpg
182,https://cdn.dsmcdn.com/ty499/product/media/images/20220804/14/154593869/535666725/1/1_org_zoom.jpg
183,https://cdn.dsmcdn.com/ty524/product/media/images/20220907/17/170291368/560657694/1/1_org_zoom.jpg
184,https://cdn.dsmcdn.com/ty547/product/media/images/20221001/23/183499494/585873332/1/1_org_zoom.jpg
185,https://cdn.dsmcdn.com/ty521/product/media/images/20220901/11/167965052/556667263/1/1_org_zoom.jpg
186,https://cdn.dsmcdn.com/ty522/product/media/images/20220906/0/169582508/559592474/1/1_org_zoom.jpg
187,https://cdn.dsmcdn.com/ty431/product/media/images/20220512/15/109861805/477714244/1/1_org_zoom.jpg
188,https://cdn.dsmcdn.com/ty457/product/media/images/20220618/18/127622707/502965535/1/1_org_zoom.jpg
190,https://cdn.dsmcdn.com/ty313/product/media/images/20220128/20/38516735/374726119/1/1_org_zoom.jpg
191,https://cdn.dsmcdn.com/ty157/product/media/images/20210814/11/118483282/226920434/0/0_org_zoom.jpg
192,https://cdn.dsmcdn.com/ty380/product/media/images/20220401/14/80382143/433007644/1/1_org_zoom.jpg
193,https://cdn.dsmcdn.com/ty400/product/media/images/20220415/10/92357182/449963178/1/1_org_zoom.jpg
194,https://cdn.dsmcdn.com/ty204/product/media/images/20211020/10/152688272/269189430/1/1_org_zoom.jpg
196,https://cdn.dsmcdn.com/ty311/product/media/images/20220126/19/36784901/372070541/1/1_org_zoom.jpg
198,https://cdn.dsmcdn.com/ty159/product/media/images/20210819/11/120001282/229195386/1/1_org_zoom.jpg
199,https://cdn.dsmcdn.com/ty444/product/media/images/20220602/16/120038441/492617450/1/1_org_zoom.jpg
200,https://cdn.dsmcdn.com/ty446/product/media/images/20220602/14/119897737/492463000/1/1_org_zoom.jpg
201,https://cdn.dsmcdn.com/ty499/product/media/images/20220804/17/154660718/535765997/1/1_org_zoom.jpg
202,https://cdn.dsmcdn.com/ty183/product/media/images/20211001/17/138415184/252179791/0/0_org_zoom.jpg
203,https://cdn.dsmcdn.com/ty500/product/media/images/20220804/17/154660940/535766326/1/1_org_zoom.jpg
204,https://cdn.dsmcdn.com/ty161/product/media/images/20210819/5/119734144/229230608/0/0_org_zoom.jpg
205,https://cdn.dsmcdn.com/ty436/product/media/images/20220521/14/114510492/485297355/1/1_org_zoom.jpg
206,https://cdn.dsmcdn.com/ty518/product/media/images/20220825/10/165283273/551885152/1/1_org_zoom.jpg
207,https://cdn.dsmcdn.com/ty211/product/media/images/20211026/15/156687094/275355513/0/0_org_zoom.jpg
208,https://cdn.dsmcdn.com/ty470/product/media/images/20220707/9/136469279/515856881/1/1_org_zoom.jpg
209,https://cdn.dsmcdn.com/ty167/product/media/images/20210826/9/122626409/232941474/1/1_org_zoom.jpg
210,https://cdn.dsmcdn.com/ty538/product/media/images/20220921/17/178143566/500537713/1/1_org_zoom.jpg
211,https://cdn.dsmcdn.com/ty535/product/media/images/20220920/11/177388951/547888636/1/1_org_zoom.jpg
212,https://cdn.dsmcdn.com/ty520/product/media/images/20220831/16/167375017/555830038/1/1_org_zoom.jpg
213,https://cdn.dsmcdn.com/ty499/product/media/images/20220804/9/154495491/511280436/1/1_org_zoom.jpg
214,https://cdn.dsmcdn.com/ty446/product/media/images/20220602/16/120044425/492623558/1/1_org_zoom.jpg
215,https://cdn.dsmcdn.com/ty362/product/media/images/20220316/15/70799089/417385417/1/1_org_zoom.jpg
216,https://cdn.dsmcdn.com/ty388/product/media/images/20220407/11/85324024/439792692/1/1_org_zoom.jpg
217,https://cdn.dsmcdn.com/ty435/product/media/images/20220520/12/114105414/484647373/1/1_org_zoom.jpg
218,https://cdn.dsmcdn.com/ty484/product/media/images/20220719/13/145591574/485878214/2/2_org_zoom.jpg
219,https://cdn.dsmcdn.com/ty564/product/media/images/20221014/22/193666439/596614620/1/1_org_zoom.jpg
220,https://cdn.dsmcdn.com/ty535/product/media/images/20220920/12/177389574/547803671/1/1_org_zoom.jpg
221,https://cdn.dsmcdn.com/ty478/product/media/images/20220715/13/141963287/521613015/1/1_org_zoom.jpg
222,https://cdn.dsmcdn.com/ty563/product/media/images/20221014/11/193279032/535511399/1/1_org_zoom.jpg
223,https://cdn.dsmcdn.com/ty84/product/media/images/20210313/11/71047419/151781302/1/1_org_zoom.jpg
224,https://cdn.dsmcdn.com/ty84/product/media/images/20210313/12/71054058/151791243/1/1_org_zoom.jpg
225,https://cdn.dsmcdn.com/ty500/product/media/images/20220804/9/154482677/535524369/1/1_org_zoom.jpg
226,https://cdn.dsmcdn.com/ty531/product/media/images/20220915/11/175443049/306919731/1/1_org_zoom.jpg
229,https://cdn.dsmcdn.com/ty453/product/media/images/20220614/15/125590325/378519693/1/1_org_zoom.jpg
231,https://cdn.dsmcdn.com/ty328/product/media/images/20220211/12/48508136/376324141/1/1_org_zoom.jpg
232,https://cdn.dsmcdn.com/ty456/product/media/images/20220617/11/126657077/378719684/1/1_org_zoom.jpg
233,https://cdn.dsmcdn.com/ty208/product/media/images/20211025/14/155924235/124608760/1/1_org_zoom.jpg
235,https://cdn.dsmcdn.com/ty208/product/media/images/20211025/14/155912736/117305379/1/1_org_zoom.jpg
236,https://cdn.dsmcdn.com/ty162/product/media/images/20210820/22/120702443/231050462/0/0_org_zoom.jpg
237,https://cdn.dsmcdn.com/ty537/product/media/images/20220920/19/177543929/574138741/1/1_org_zoom.jpg
238,https://cdn.dsmcdn.com/ty246/product/media/images/20211116/17/181494130/302345198/1/1_org_zoom.jpg
239,https://cdn.dsmcdn.com/ty539/product/media/images/20220920/19/177539667/574135302/1/1_org_zoom.jpg
240,https://cdn.dsmcdn.com/ty540/product/media/images/20220928/16/180837020/581824585/1/1_org_zoom.jpg
241,https://cdn.dsmcdn.com/ty539/product/media/images/20220920/18/177517324/574057574/1/1_org_zoom.jpg
242,https://cdn.dsmcdn.com/ty501/product/media/images/20220809/18/156743900/539017844/1/1_org_zoom.jpg
243,https://cdn.dsmcdn.com/ty375/product/media/images/20220329/14/78182302/429338710/1/1_org_zoom.jpg
244,https://cdn.dsmcdn.com/ty437/product/media/images/20220519/10/113459570/117794442/1/1_org_zoom.jpg
245,https://cdn.dsmcdn.com/ty513/product/media/images/20220822/16/163937942/117736341/1/1_org_zoom.jpg
246,https://cdn.dsmcdn.com/ty437/product/media/images/20220519/10/113461526/124489941/1/1_org_zoom.jpg
247,https://cdn.dsmcdn.com/ty278/product/media/images/20211224/12/15878662/344305655/1/1_org_zoom.jpg
248,https://cdn.dsmcdn.com/ty410/product/media/images/20220426/12/98396234/459521621/1/1_org_zoom.jpg
249,https://cdn.dsmcdn.com/ty524/product/media/images/20220905/14/169388354/559297617/1/1_org_zoom.jpg
250,https://cdn.dsmcdn.com/ty468/product/media/images/20220705/12/135595671/514294849/1/1_org_zoom.jpg
251,https://cdn.dsmcdn.com/ty515/product/media/images/20220822/12/163815531/549290609/1/1_org_zoom.jpg
252,https://cdn.dsmcdn.com/ty490/product/media/images/20220726/11/149966481/528845394/3/3_org_zoom.jpg
253,https://cdn.dsmcdn.com/ty341/product/media/images/20220223/13/57304433/396151255/1/1_org_zoom.jpg
254,https://cdn.dsmcdn.com/ty339/product/media/images/20220223/17/57506236/396362982/1/1_org_zoom.jpg
255,https://cdn.dsmcdn.com/ty340/product/media/images/20220223/13/57304462/396151276/1/1_org_zoom.jpg
256,https://cdn.dsmcdn.com/ty339/product/media/images/20220223/14/57332572/396178918/1/1_org_zoom.jpg
257,https://cdn.dsmcdn.com/ty332/product/media/images/20220214/16/50203476/387444828/1/1_org_zoom.jpg
258,https://cdn.dsmcdn.com/ty222/product/media/images/20211105/8/166049033/172096731/1/1_org_zoom.jpg
259,https://cdn.dsmcdn.com/ty384/product/media/images/20220406/12/84415362/193051103/1/1_org_zoom.jpg
261,https://cdn.dsmcdn.com/ty540/product/media/images/20220928/9/180700515/581528089/1/1_org_zoom.jpg
262,https://cdn.dsmcdn.com/ty169/product/media/images/20210901/22/124774283/235807406/0/0_org_zoom.jpg
263,https://cdn.dsmcdn.com/ty451/product/media/images/20220610/11/123674443/497650370/1/1_org_zoom.jpg
264,https://cdn.dsmcdn.com/ty384/product/media/images/20220406/12/84413743/343125678/1/1_org_zoom.jpg
265,https://cdn.dsmcdn.com/ty531/product/media/images/20220914/17/175217384/569223671/1/1_org_zoom.jpg
266,https://cdn.dsmcdn.com/ty506/product/media/images/20220811/21/158059417/541828854/1/1_org_zoom.jpg
267,https://cdn.dsmcdn.com/ty410/product/media/images/20220425/16/97403926/447159873/1/1_org_zoom.jpg
268,https://cdn.dsmcdn.com/ty483/product/media/images/20220720/15/146762235/524575897/1/1_org_zoom.jpg
270,https://cdn.dsmcdn.com/ty147/product/media/images/20210717/1/111393397/204864568/1/1_org_zoom.jpg
271,https://cdn.dsmcdn.com/ty227/product/media/images/20211105/12/166147934/288969439/1/1_org_zoom.jpg
272,https://cdn.dsmcdn.com/ty499/product/media/images/20220804/13/154556014/535620919/1/1_org_zoom.jpg
273,https://cdn.dsmcdn.com/ty322/product/media/images/20220205/10/44798848/380979742/1/1_org_zoom.jpg
274,https://cdn.dsmcdn.com/ty546/product/media/images/20221001/17/183282861/585229128/1/1_org_zoom.jpg
275,https://cdn.dsmcdn.com/ty547/product/media/images/20221003/12/184542027/586955324/1/1_org_zoom.jpg
276,https://cdn.dsmcdn.com/ty446/product/media/images/20220601/19/119590555/492041713/1/1_org_zoom.jpg
277,https://cdn.dsmcdn.com/ty541/product/media/images/20220926/22/180132324/579634798/1/1_org_zoom.jpg
278,https://cdn.dsmcdn.com/ty541/product/media/images/20220925/20/179740181/578595499/1/1_org_zoom.jpg
279,https://cdn.dsmcdn.com/ty342/product/media/images/20220228/21/60191962/399830501/1/1_org_zoom.jpg
280,https://cdn.dsmcdn.com/ty542/product/media/images/20220928/11/180740952/581623726/1/1_org_zoom.jpg
283,https://cdn.dsmcdn.com/ty252/product/media/images/20211123/18/1057496/320623123/1/1_org_zoom.jpg
284,https://cdn.dsmcdn.com/ty544/product/media/images/20220930/18/181894022/583865782/1/1_org_zoom.jpg
285,https://cdn.dsmcdn.com/ty532/product/media/images/20220912/18/174534496/568285518/1/1_org_zoom.jpg
286,https://cdn.dsmcdn.com/ty515/product/media/images/20220822/10/163731578/549123648/1/1_org_zoom.jpg
287,https://cdn.dsmcdn.com/ty455/product/media/images/20220613/13/125251747/499404165/1/1_org_zoom.jpg
288,https://cdn.dsmcdn.com/ty460/product/media/images/20220624/10/129443302/505787827/1/1_org_zoom.jpg
289,https://cdn.dsmcdn.com/ty531/product/media/images/20220915/11/175444067/569524192/1/1_org_zoom.jpg
290,https://cdn.dsmcdn.com/ty546/product/media/images/20221001/17/183283139/585229323/1/1_org_zoom.jpg
291,https://cdn.dsmcdn.com/ty535/product/media/images/20220919/14/176952715/573320372/1/1_org_zoom.jpg
292,https://cdn.dsmcdn.com/ty532/product/media/images/20220912/16/174469897/568223368/1/1_org_zoom.jpg
294,https://cdn.dsmcdn.com/ty309/product/media/images/20220127/20/37757309/373667096/1/1_org_zoom.jpg
296,https://cdn.dsmcdn.com/ty401/product/media/images/20220414/13/91590462/448913881/1/1_org_zoom.jpg
297,https://cdn.dsmcdn.com/ty171/product/media/images/20210909/10/127891830/239365035/1/1_org_zoom.jpg
298,https://cdn.dsmcdn.com/ty562/product/media/images/20221014/9/193199645/596035500/1/1_org_zoom.jpg
299,https://cdn.dsmcdn.com/ty283/product/media/images/20211231/12/19559352/348972106/1/1_org_zoom.jpg
300,https://cdn.dsmcdn.com/ty514/product/media/images/20220822/10/163731624/549124459/1/1_org_zoom.jpg
301,https://cdn.dsmcdn.com/ty259/product/media/images/20211130/10/1855843/326083248/1/1_org_zoom.jpg
302,https://cdn.dsmcdn.com/ty485/product/media/images/20220720/14/146753528/524558928/1/1_org_zoom.jpg
303,https://cdn.dsmcdn.com/ty176/product/media/images/20210916/11/130998966/243126981/1/1_org_zoom.jpg
304,https://cdn.dsmcdn.com/ty558/product/media/images/20221010/19/190580171/593148903/1/1_org_zoom.jpg
306,https://cdn.dsmcdn.com/ty534/product/media/images/20220916/14/176087131/570433742/1/1_org_zoom.jpg
307,https://cdn.dsmcdn.com/ty139/product/media/images/20210702/18/106674185/196534144/0/0_org_zoom.jpg
308,https://cdn.dsmcdn.com/ty537/product/media/images/20220923/15/178831020/575764922/1/1_org_zoom.jpg
309,https://cdn.dsmcdn.com/ty106/product/media/images/20210427/9/83228962/167835614/1/1_org_zoom.jpg
310,https://cdn.dsmcdn.com/ty518/product/media/images/20220826/11/165939661/552947469/1/1_org_zoom.jpg
311,https://cdn.dsmcdn.com/ty446/product/media/images/20220601/16/119455168/491883765/1/1_org_zoom.jpg
312,https://cdn.dsmcdn.com/ty483/product/media/images/20220720/14/146749844/524552797/1/1_org_zoom.jpg
313,https://cdn.dsmcdn.com/ty107/product/media/images/20210427/9/83229971/167835558/1/1_org_zoom.jpg
314,https://cdn.dsmcdn.com/ty443/product/media/images/20220531/3/118519033/490798306/1/1_org_zoom.jpg
315,https://cdn.dsmcdn.com/ty539/product/media/images/20220923/15/178826760/575757360/1/1_org_zoom.jpg
316,https://cdn.dsmcdn.com/ty537/product/media/images/20220923/16/178835691/575774806/1/1_org_zoom.jpg
317,https://cdn.dsmcdn.com/ty537/product/media/images/20220923/15/178834369/575772151/1/1_org_zoom.jpg
318,https://cdn.dsmcdn.com/ty107/product/media/images/20210427/12/83273584/167894739/1/1_org_zoom.jpg
319,https://cdn.dsmcdn.com/ty537/product/media/images/20220923/15/178828293/575759914/1/1_org_zoom.jpg
320,https://cdn.dsmcdn.com/ty537/product/media/images/20220923/15/178830954/575764709/1/1_org_zoom.jpg
321,https://cdn.dsmcdn.com/ty458/product/media/images/20220617/13/126671699/415709735/1/1_org_zoom.jpg
322,https://cdn.dsmcdn.com/ty502/product/media/images/20220810/17/157574901/540784080/1/1_org_zoom.jpg
323,https://cdn.dsmcdn.com/ty549/product/media/images/20221003/15/184869232/587374953/1/1_org_zoom.jpg
324,https://cdn.dsmcdn.com/ty485/product/media/images/20220719/17/145839897/524197709/1/1_org_zoom.jpg
325,https://cdn.dsmcdn.com/ty282/product/media/images/20211231/15/19675273/349133863/1/1_org_zoom.jpg
326,https://cdn.dsmcdn.com/ty515/product/media/images/20220822/9/163703819/549051367/1/1_org_zoom.jpg
327,https://cdn.dsmcdn.com/ty140/product/media/images/20210701/17/106181169/195952189/1/1_org_zoom.jpg
328,https://cdn.dsmcdn.com/ty532/product/media/images/20220913/12/174803538/234809812/1/1_org_zoom.jpg
329,https://cdn.dsmcdn.com/ty66/product/media/images/20210208/20/61136766/139109660/1/1_org_zoom.jpg
330,https://cdn.dsmcdn.com/ty538/product/media/images/20220923/16/178837981/575779657/1/1_org_zoom.jpg
331,https://cdn.dsmcdn.com/ty537/product/media/images/20220923/15/178826969/575757613/1/1_org_zoom.jpg
333,https://cdn.dsmcdn.com/ty539/product/media/images/20220923/15/178827959/575759110/1/1_org_zoom.jpg
334,https://cdn.dsmcdn.com/ty542/product/media/images/20220927/16/180354249/581024900/1/1_org_zoom.jpg
335,https://cdn.dsmcdn.com/ty540/product/media/images/20220926/13/179975893/578962488/1/1_org_zoom.jpg
336,https://cdn.dsmcdn.com/ty459/product/media/images/20220622/18/129030153/505146995/1/1_org_zoom.jpg
337,https://cdn.dsmcdn.com/ty481/product/media/images/20220718/18/143995745/523637885/1/1_org_zoom.jpg
339,https://cdn.dsmcdn.com/ty180/product/media/images/20210922/10/135167232/248229021/1/1_org_zoom.jpg
340,https://cdn.dsmcdn.com/ty148/product/media/images/20210717/13/111461963/205718205/1/1_org_zoom.jpg
341,https://cdn.dsmcdn.com/ty538/product/media/images/20220920/17/177504378/574043758/1/1_org_zoom.jpg
342,https://cdn.dsmcdn.com/ty323/product/media/images/20220204/20/44297206/356576086/1/1_org_zoom.jpg
343,https://cdn.dsmcdn.com/ty538/product/media/images/20220924/15/179220652/576434018/1/1_org_zoom.jpg
345,https://cdn.dsmcdn.com/ty540/product/media/images/20220926/14/180007809/579010092/1/1_org_zoom.jpg
346,https://cdn.dsmcdn.com/ty160/product/media/images/20210819/13/120021790/229553202/1/1_org_zoom.jpg
347,https://cdn.dsmcdn.com/ty450/product/media/images/20220609/11/123364220/494099081/1/1_org_zoom.jpg
350,https://cdn.dsmcdn.com/ty505/product/media/images/20220811/16/157933178/541485885/1/1_org_zoom.jpg
351,https://cdn.dsmcdn.com/ty539/product/media/images/20220923/15/178830936/575764678/1/1_org_zoom.jpg
352,https://cdn.dsmcdn.com/ty162/product/media/images/20210823/11/121502200/231903970/0/0_org_zoom.jpg
353,https://cdn.dsmcdn.com/ty539/product/media/images/20220921/13/177967007/574641972/1/1_org_zoom.jpg
354,https://cdn.dsmcdn.com/ty539/product/media/images/20220923/15/178827844/575758822/1/1_org_zoom.jpg
355,https://cdn.dsmcdn.com/ty138/product/media/images/20210702/10/106348960/196116691/1/1_org_zoom.jpg
356,https://cdn.dsmcdn.com/ty450/product/media/images/20220609/11/123364200/494092218/1/1_org_zoom.jpg
357,https://cdn.dsmcdn.com/ty489/product/media/images/20220724/21/149294286/528034072/1/1_org_zoom.jpg
358,https://cdn.dsmcdn.com/ty541/product/media/images/20220927/17/180359366/581069780/1/1_org_zoom.jpg
359,https://cdn.dsmcdn.com/ty540/product/media/images/20220927/17/180366708/581091106/1/1_org_zoom.jpg
360,https://cdn.dsmcdn.com/ty527/product/media/images/20220910/14/171552725/562159220/1/1_org_zoom.jpg
361,https://cdn.dsmcdn.com/ty371/product/media/images/20220323/16/75083527/424181553/1/1_org_zoom.jpg
362,https://cdn.dsmcdn.com/ty370/product/media/images/20220323/16/75083956/424182710/1/1_org_zoom.jpg
363,https://cdn.dsmcdn.com/ty435/product/media/images/20220519/10/113459053/482490701/1/1_org_zoom.jpg
364,https://cdn.dsmcdn.com/ty538/product/media/images/20220923/15/178830510/575763751/1/1_org_zoom.jpg
365,https://cdn.dsmcdn.com/ty226/product/media/images/20211105/12/166134005/288949589/1/1_org_zoom.jpg
366,https://cdn.dsmcdn.com/ty537/product/media/images/20220920/17/177504956/574045105/1/1_org_zoom.jpg
367,https://cdn.dsmcdn.com/ty504/product/media/images/20220812/16/158577545/542458064/1/1_org_zoom.jpg
368,https://cdn.dsmcdn.com/ty461/product/media/images/20220623/17/129278211/505518665/1/1_org_zoom.jpg
369,https://cdn.dsmcdn.com/ty561/product/media/images/20221014/17/193533662/596440010/1/1_org_zoom.jpg
370,https://cdn.dsmcdn.com/ty509/product/media/images/20220816/9/160667993/545018194/1/1_org_zoom.jpg
371,https://cdn.dsmcdn.com/ty353/product/media/images/20220307/16/64134681/334520358/2/2_org_zoom.jpg
372,https://cdn.dsmcdn.com/ty544/product/media/images/20220930/18/181891489/583866498/1/1_org_zoom.jpg
373,https://cdn.dsmcdn.com/ty497/product/media/images/20220802/14/153584121/533371736/1/1_org_zoom.jpg
374,https://cdn.dsmcdn.com/ty460/product/media/images/20220623/16/129272084/505510064/1/1_org_zoom.jpg
375,https://cdn.dsmcdn.com/ty513/product/media/images/20220823/17/164498618/550827145/1/1_org_zoom.jpg
377,https://cdn.dsmcdn.com/ty538/product/media/images/20220920/17/177505367/574045613/1/1_org_zoom.jpg
378,https://cdn.dsmcdn.com/ty482/product/media/images/20220718/15/143856303/523489096/1/1_org_zoom.jpg
379,https://cdn.dsmcdn.com/ty142/product/media/images/20210709/17/108726658/200072517/1/1_org_zoom.jpg
380,https://cdn.dsmcdn.com/ty537/product/media/images/20220923/17/178884453/251360828/1/1_org_zoom.jpg
382,https://cdn.dsmcdn.com/ty165/product/media/images/20210826/12/122679917/233368499/1/1_org_zoom.jpg
383,https://cdn.dsmcdn.com/ty417/product/media/images/20220506/14/103080033/467675605/1/1_org_zoom.jpg
384,https://cdn.dsmcdn.com/ty542/product/media/images/20220927/13/180285557/380819768/2/2_org_zoom.jpg
385,https://cdn.dsmcdn.com/ty554/product/media/images/20221006/15/187670838/590627662/1/1_org_zoom.jpg
386,https://cdn.dsmcdn.com/ty496/product/media/images/20220802/10/153467173/533590200/1/1_org_zoom.jpg
387,https://cdn.dsmcdn.com/ty533/product/media/images/20220915/12/175464075/569546622/1/1_org_zoom.jpg
388,https://cdn.dsmcdn.com/ty280/product/media/images/20211227/16/17119189/345747231/1/1_org_zoom.jpg
389,https://cdn.dsmcdn.com/ty456/product/media/images/20220617/17/126852686/502064662/1/1_org_zoom.jpg
390,https://cdn.dsmcdn.com/ty552/product/media/images/20221006/16/187692164/380444698/1/1_org_zoom.jpg
391,https://cdn.dsmcdn.com/ty537/product/media/images/20220923/16/178857792/575814113/1/1_org_zoom.jpg
392,https://cdn.dsmcdn.com/ty537/product/media/images/20220923/15/178834370/575772155/1/1_org_zoom.jpg
394,https://cdn.dsmcdn.com/ty468/product/media/images/20220707/13/136514259/515989100/1/1_org_zoom.jpg
395,https://cdn.dsmcdn.com/ty398/product/media/images/20220413/16/90315754/447320363/1/1_org_zoom.jpg
396,https://cdn.dsmcdn.com/ty307/product/media/images/20220125/18/35884251/370822834/1/1_org_zoom.jpg
399,https://cdn.dsmcdn.com/ty483/product/media/images/20220719/18/145865610/524182717/1/1_org_zoom.jpg
400,https://cdn.dsmcdn.com/ty540/product/media/images/20220926/12/179956340/578910404/1/1_org_zoom.jpg
401,https://cdn.dsmcdn.com/ty538/product/media/images/20220923/15/178827871/575758852/1/1_org_zoom.jpg
402,https://cdn.dsmcdn.com/ty538/product/media/images/20220923/15/178830575/575763894/1/1_org_zoom.jpg
404,https://cdn.dsmcdn.com/ty496/product/media/images/20220801/15/153089795/533168174/1/1_org_zoom.jpg
405,https://cdn.dsmcdn.com/ty465/product/media/images/20220701/11/133358489/511034207/1/1_org_zoom.jpg
406,https://cdn.dsmcdn.com/ty522/product/media/images/20220907/12/170048095/560486631/1/1_org_zoom.jpg
407,https://cdn.dsmcdn.com/ty538/product/media/images/20220920/17/177504702/574045097/1/1_org_zoom.jpg
408,https://cdn.dsmcdn.com/ty498/product/media/images/20220805/17/155073910/536369060/1/1_org_zoom.jpg
409,https://cdn.dsmcdn.com/ty534/product/media/images/20220915/19/175638472/569927650/1/1_org_zoom.jpg
410,https://cdn.dsmcdn.com/ty277/product/media/images/20211224/13/15895327/344324177/1/1_org_zoom.jpg
411,https://cdn.dsmcdn.com/ty67/product/media/images/20210208/12/61014497/138985904/1/1_org_zoom.jpg
412,https://cdn.dsmcdn.com/ty67/product/media/images/20210316/11/72011414/152979637/1/1_org_zoom.jpg
413,https://cdn.dsmcdn.com/ty306/product/media/images/20220125/19/35905053/370845838/1/1_org_zoom.jpg
414,https://cdn.dsmcdn.com/ty552/product/media/images/20221007/9/187909123/590999845/1/1_org_zoom.jpg
415,https://cdn.dsmcdn.com/ty440/product/media/images/20220524/9/115551081/486512581/1/1_org_zoom.jpg
416,https://cdn.dsmcdn.com/ty347/product/media/images/20220302/11/61210848/401409207/1/1_org_zoom.jpg
417,https://cdn.dsmcdn.com/ty541/product/media/images/20220928/12/180758822/581662517/1/1_org_zoom.jpg
418,https://cdn.dsmcdn.com/ty539/product/media/images/20220923/15/178827045/575757696/1/1_org_zoom.jpg
419,https://cdn.dsmcdn.com/ty540/product/media/images/20220928/11/180733015/581582513/1/1_org_zoom.jpg
420,https://cdn.dsmcdn.com/ty552/product/media/images/20221007/10/187911809/591003249/1/1_org_zoom.jpg
421,https://cdn.dsmcdn.com/ty557/product/media/images/20221010/13/190346104/592841716/1/1_org_zoom.jpg
422,https://cdn.dsmcdn.com/ty485/product/media/images/20220720/15/146758766/524569606/1/1_org_zoom.jpg
423,https://cdn.dsmcdn.com/ty363/product/media/images/20220317/18/71554903/418464401/1/1_org_zoom.jpg
424,https://cdn.dsmcdn.com/ty26/product/media/images/20201121/19/30087611/109752630/1/1_org_zoom.jpg
425,https://cdn.dsmcdn.com/ty467/product/media/images/20220630/17/133147236/510686987/1/1_org_zoom.jpg
426,https://cdn.dsmcdn.com/ty293/product/media/images/20220110/15/24462092/355700258/1/1_org_zoom.jpg
427,https://cdn.dsmcdn.com/ty355/product/media/images/20220310/0/66764439/198839615/1/1_org_zoom.jpg
428,https://cdn.dsmcdn.com/ty346/product/media/images/20220302/11/61209554/401408820/1/1_org_zoom.jpg
429,https://cdn.dsmcdn.com/ty1/product/media/images/20200330/13/698150/66998407/1/1_org_zoom.jpg
430,https://cdn.dsmcdn.com/ty250/product/media/images/20211118/12/44153/157910465/1/1_org_zoom.jpg
431,https://cdn.dsmcdn.com/ty6/product/media/images/20200708/9/3887655/76036993/3/3_org_zoom.jpg
432,https://cdn.dsmcdn.com/ty128/product/media/images/20210608/9/96957328/184258949/1/1_org_zoom.jpg
433,https://cdn.dsmcdn.com/ty538/product/media/images/20220920/18/177517455/574057806/1/1_org_zoom.jpg
434,https://cdn.dsmcdn.com/ty139/product/media/images/20210629/21/105625249/195292393/0/0_org_zoom.jpg
435,https://cdn.dsmcdn.com/ty469/product/media/images/20220707/12/136509906/515980269/1/1_org_zoom.jpg
436,https://cdn.dsmcdn.com/ty250/product/media/images/20211119/9/526742/317924722/1/1_org_zoom.jpg
437,https://cdn.dsmcdn.com/ty402/product/media/images/20220418/22/93813674/452133850/1/1_org_zoom.jpg
438,https://cdn.dsmcdn.com/ty505/product/media/images/20220811/12/157835226/500934651/1/1_org_zoom.jpg
439,https://cdn.dsmcdn.com/ty384/product/media/images/20220405/16/83638530/437450702/1/1_org_zoom.jpg
440,https://cdn.dsmcdn.com/ty524/product/media/images/20220907/22/170475719/560899274/1/1_org_zoom.jpg
441,https://cdn.dsmcdn.com/ty328/product/media/images/20220211/15/48591420/382350270/1/1_org_zoom.jpg
442,https://cdn.dsmcdn.com/ty311/product/media/images/20220126/11/36399027/370729093/1/1_org_zoom.jpg
443,https://cdn.dsmcdn.com/ty186/product/media/images/20211004/10/139714952/173506307/1/1_org_zoom.jpg
444,https://cdn.dsmcdn.com/ty332/product/media/images/20220214/13/50130808/360235039/1/1_org_zoom.jpg
445,https://cdn.dsmcdn.com/ty516/product/media/images/20220827/11/166296827/267514827/1/1_org_zoom.jpg
446,https://cdn.dsmcdn.com/ty520/product/media/images/20220831/16/167375839/453064429/1/1_org_zoom.jpg
447,https://cdn.dsmcdn.com/ty370/product/media/images/20220322/20/74653893/423209761/1/1_org_zoom.jpg
448,https://cdn.dsmcdn.com/ty348/product/media/images/20220307/10/63963722/381384412/2/2_org_zoom.jpg
449,https://cdn.dsmcdn.com/ty463/product/media/images/20220628/18/131327193/508439933/1/1_org_zoom.jpg
450,https://cdn.dsmcdn.com/ty309/product/media/images/20220127/17/37655797/346254521/1/1_org_zoom.jpg
451,https://cdn.dsmcdn.com/ty386/product/media/images/20220405/15/83622563/437416031/1/1_org_zoom.jpg
452,https://cdn.dsmcdn.com/ty325/product/media/images/20220208/14/46932494/192914914/1/1_org_zoom.jpg
453,https://cdn.dsmcdn.com/ty460/product/media/images/20220625/10/129735628/501713354/1/1_org_zoom.jpg
454,https://cdn.dsmcdn.com/ty362/product/media/images/20220315/17/70298932/319002839/1/1_org_zoom.jpg
455,https://cdn.dsmcdn.com/ty453/product/media/images/20220614/12/125509070/498566580/1/1_org_zoom.jpg
11,https://productimages.hepsiburada.net/s/286/1500/110000274844135.jpg
113,https://productimages.hepsiburada.net/s/230/1500/110000211864305.jpg
114,https://productimages.hepsiburada.net/s/238/1500/110000221636161.jpg
121,https://productimages.hepsiburada.net/s/59/1500/110000000086985.jpg
127,https://productimages.hepsiburada.net/s/153/500/110000109351190.jpg
131,https://productimages.hepsiburada.net/s/274/1500/110000259769021.jpg
163,https://productimages.hepsiburada.net/s/211/500/110000188360666.jpg
189,https://productimages.hepsiburada.net/s/186/1500/110000151195803.jpg
195,https://productimages.hepsiburada.net/s/207/500/110000183608369.jpg
197,https://productimages.hepsiburada.net/s/264/1500/110000248531338.jpg
227,https://productimages.hepsiburada.net/s/131/1500/110000081537742.jpg
228,https://productimages.hepsiburada.net/s/64/1500/110000005442676.jpg
230,https://productimages.hepsiburada.net/s/265/500/110000250478677.jpg
234,https://productimages.hepsiburada.net/s/49/500/10983950843954.jpg
260,https://productimages.hepsiburada.net/s/159/1500/110000117273165.jpg
269,https://productimages.hepsiburada.net/s/131/1500/110000081497102.jpg
281,https://productimages.hepsiburada.net/s/131/500/110000081587321.jpg
282,https://productimages.hepsiburada.net/s/151/1500/110000106860209.jpg
293,https://productimages.hepsiburada.net/s/77/500/110000019201366.jpg
295,https://productimages.hepsiburada.net/s/67/1500/110000009145755.jpg
305,https://productimages.hepsiburada.net/s/76/500/110000017623626.jpg
332,https://productimages.hepsiburada.net/s/289/500/110000278092927.jpg
338,https://productimages.hepsiburada.net/s/205/500/110000180661193.jpg
344,https://productimages.hepsiburada.net/s/286/1500/110000275338848.jpg
348,https://productimages.hepsiburada.net/s/207/500/110000183779701.jpg
349,https://productimages.hepsiburada.net/s/196/500/110000164452442.jpg
376,https://productimages.hepsiburada.net/s/127/500/110000077043631.jpg
381,https://productimages.hepsiburada.net/s/218/500/110000196762561.jpg
393,https://productimages.hepsiburada.net/s/241/500/110000225450604.jpg
397,https://productimages.hepsiburada.net/s/218/500/110000197381607.jpg
398,https://productimages.hepsiburada.net/s/282/500/110000269967286.jpg
403,https://productimages.hepsiburada.net/s/241/500/110000225450604.jpg