ACER ASPIRE 3 10.NESIL CORE I5 1035G1 8GB 512GB 15.6INC W10,https://www.vatanbilgisayar.com/acer-aspire-3-core-i5-1035g1-1-0-ghz-8gb-512gb-ssd-15-6-mx330-2gb-w10.html,14927,4.0,https://cdn.vatanbilgisayar.com/Upload/PRODUCT/acer/thumb/118038_small.jpg
ACER ASPIRE 3 11.NESIL CORE I5 1135G7 8GB 512GB 15.6INC W11,https://www.vatanbilgisayar.com/acer-aspire-3-11-nesil-core-i5-1135g7-8gb-512gb-ssd-15-6inc-mx350-2gb-w11.html,13599,0.0,https://cdn.vatanbilgisayar.com/Upload/PRODUCT/acer/thumb/135333-1_small.jpg
ACER ASPIRE 3 3.NESIL RYZEN 5 3500U 8GB 256GB 15.6INC FREEDOS,https://www.vatanbilgisayar.com/acer-aspire-3-3-nesil-ryzen-5-3500u-8gb-256gb-ssd-15-6inc-freedos.html,7199,0.0,https://cdn.vatanbilgisayar.com/Upload/PRODUCT/acer/thumb/134837-1-2_small.jpg
ACER ASPIRE 3 3.NESIL RYZEN 5 3500U 8GB 256GB 15.6INC FREEDOS,https://www.vatanbilgisayar.com/acer-aspire-3-3-nesil-ryzen-5-3500u-8gb-256gb-ssd-15-6inc-freedos.html,7199,0.0,https://cdn.vatanbilgisayar.com/Upload/PRODUCT/acer/thumb/134837-1-2_small.jpg
ACER ASPIRE 3 3.NESIL RYZEN 5 3500U 8GB 256GB 15.6INC W10,https://www.vatanbilgisayar.com/acer-aspire-3-amd-ryzen-5-3500u-2-1ghz-8gb-256gb-ssd-15-6-amd-w10.html,12071,4.0,https://cdn.vatanbilgisayar.com/Upload/PRODUCT/acer/thumb/115693_small.jpg
ACER ASPIRE 5 4.NESIL RYZEN 5 4500U 16GB 512GB 15.6INC W10,https://www.vatanbilgisayar.com/acer-aspire-5-amd-ryzen-5-4500u-2-3ghz-16gb-512gb-ssd-15-6-amd-w10.html,15576,5.0,https://cdn.vatanbilgisayar.com/Upload/PRODUCT/acer/thumb/122718_small.jpg
ACER ASPIRE 5 4.NESIL RYZEN 5 4500U 8GB 256GB 15.6INC W10,https://www.vatanbilgisayar.com/acer-aspire-5-amd-ryzen-5-4500u-2-3ghz-8gb-256gb-ssd-15-6-amd-w10.html,10499,4.0,https://cdn.vatanbilgisayar.com/Upload/PRODUCT/acer/thumb/118468_small.jpg
ACER ASPIRE 7 10.NESIL CORE I5 10300H 8GB 512GB 15.6INC FREEDOS,https://www.vatanbilgisayar.com/acer-aspire-7-10-nesil-core-i5-10300h-8gb-512gb-ssd-15-6inc-gtx1650-4gb-freedos.html,13999,4.0,https://cdn.vatanbilgisayar.com/Upload/PRODUCT/acer/thumb/1-133400_small.jpg
ACER ASPIRE 7 10.NESIL CORE I5 10300H 8GB 512GB 15.6INC FREEDOS,https://www.vatanbilgisayar.com/acer-aspire-7-10-nesil-core-i5-10300h-8gb-512gb-ssd-15-6inc-gtx1650-4gb-freedos.html,13999,4.0,https://cdn.vatanbilgisayar.com/Upload/PRODUCT/acer/thumb/1-133400_small.jpg
ACER ASPIRE 7 10.NESIL CORE I5 10300H 8GB 512GB 15.6INC W10,https://www.vatanbilgisayar.com/acer-aspire-7-core-i5-10300h-2-5ghz-8gb-512gb-ssd-15-6-gtx1650-4gb-w10.html,18172,4.0,https://cdn.vatanbilgisayar.com/Upload/PRODUCT/acer/thumb/128172_small.jpg
ACER ASPIRE 7 5.NESIL RYZEN 5 5500U 8GB 256GB 15.6INC FREEDOS,https://www.vatanbilgisayar.com/acer-aspire-7-5-nesil-ryzen-5-5500u-8gb-256gb-ssd-15-6inc-gtx1650-4gb-freedos.html,13999,0.0,https://cdn.vatanbilgisayar.com/Upload/PRODUCT/acer/thumb/134977-1_small.jpg
ACER ASPIRE 7 5.NESIL RYZEN 5 5500U 8GB 512GB 15.6INC FREEDOS,https://www.vatanbilgisayar.com/acer-aspire-7-5-nesil-ryzen-5-5500u-8gb-512gb-ssd-15-6inc-rtx3050-4gb-freedos.html,15999,0.0,https://cdn.vatanbilgisayar.com/Upload/PRODUCT/acer/thumb/135334-1_small.jpg
ACER ASPIRE 7 5.NESIL RYZEN 5 5500U 8GB 512GB 15.6INC W10,https://www.vatanbilgisayar.com/acer-aspire-7-5-nesil-ryzen-5-5500u-8gb-512gb-ssd-15-6inc-rtx3050-4gb-w10.html,15999,5.0,https://cdn.vatanbilgisayar.com/Upload/PRODUCT/acer/thumb/1-133770_small.jpg
ACER EXTENSA 15 10.NESIL CORE I5 1035G1 8GB 512GB 15.6INC W10,https://www.vatanbilgisayar.com/acer-extensa-15-core-i5-1035g1-1-0-ghz-8gb-512gb-ssd-15-6-mx330-2gb-w10.html,13499,4.0,https://cdn.vatanbilgisayar.com/Upload/PRODUCT/acer/thumb/120866_small.jpg
ACER EXTENSA 15 11.NESIL CORE I5 1135G7 8GB 256GB 15.6INC FREEDOS,https://www.vatanbilgisayar.com/acer-extensa-15-11-nesil-core-i5-1135g7-8gb-256gb-ssd-15-6inc-freedos.html,9999,0.0,https://cdn.vatanbilgisayar.com/Upload/PRODUCT/acer/thumb/134838-1_small.jpg
ACER EXTENSA 15 11.NESIL CORE I5 1135G7 8GB 512GB 15.6INC FREEDOS,https://www.vatanbilgisayar.com/acer-extensa-15-11-nesil-core-i5-1135g7-8gb-512gb-ssd-15-6inch-mx350-2gb-freedos.html,11699,5.0,https://cdn.vatanbilgisayar.com/Upload/PRODUCT/acer/thumb/132819-1_small.jpg
ACER EXTENSA 15 11.NESIL CORE I5 1135G7 8GB 512GB 15.6INC W11,https://www.vatanbilgisayar.com/acer-extensa-15-11-nesil-core-i5-1135g7-8gb-512gb-ssd-15-6inc-w11.html,11499,4.0,https://cdn.vatanbilgisayar.com/Upload/PRODUCT/acer/thumb/1-133829_small.jpg
ACER EXTENSA 15 3.NESIL RYZEN 3 3250U 8GB 256GB 15.6INC FREEDOS,https://www.vatanbilgisayar.com/acer-extensa-15-3-nesil-ryzen-3-3250u-8gb-256gb-ssd-15-6-freedos.html,7199,4.0,https://cdn.vatanbilgisayar.com/Upload/PRODUCT/acer/thumb/132364-1_small.jpg
ACER NITRO 5 10.NESIL CORE I5 10300H 8GB 512GB 15.6INC W10,https://www.vatanbilgisayar.com/acer-nitro-5-core-i5-10300h-2-5ghz-8gb-512gb-ssd-15-6-gtx1650-4gb-w10.html,20223,4.0,https://cdn.vatanbilgisayar.com/Upload/PRODUCT/acer/thumb/1_small.jpg
ACER NITRO 5 10.NESIL CORE I7 10750H 16GB 512GB 15.6INC W10,https://www.vatanbilgisayar.com/acer-nitro-5-core-i7-10750h-2-6ghz-16gb-512gb-ssd-15-6-rtx3050ti-4gb-w10.html,25499,5.0,https://cdn.vatanbilgisayar.com/Upload/PRODUCT/acer/thumb/131178-13_small.jpg
ACER NITRO 5 10.NESIL CORE I7 10750H 16GB 512GB 17.3INC FREEDOS,https://www.vatanbilgisayar.com/acer-nitro-5-10-nesil-core-i7-10750h-16gb-512gb-ssd-17-3-rtx3060-6gb-freedos.html,26999,5.0,https://cdn.vatanbilgisayar.com/Upload/PRODUCT/acer/thumb/132675-1_small.jpg
ACER NITRO 5 10.NESIL CORE I7 10750H 8GB 512GB 15.6INC W10,https://www.vatanbilgisayar.com/acer-nitro-5-core-i7-10750h-2-6ghz-8gb-512gb-ssd-15-6-rtx3060-6gb-w10.html,25999,5.0,https://cdn.vatanbilgisayar.com/Upload/PRODUCT/acer/thumb/131168-1_small.jpg
ACER NITRO 5 11.NESIL CORE I5 11400H 16GB 512GB 17.3INC FREEDOS,https://www.vatanbilgisayar.com/acer-nitro-5-11-nesil-core-i5-11400h-16gb-512gb-ssd-17-3inc-rtx3060-6gb-freedos.html,26299,5.0,https://cdn.vatanbilgisayar.com/Upload/PRODUCT/acer/thumb/133044-1_small.jpg
ACER NITRO 5 11.NESIL CORE I7 11800H 16GB 512GB 15.6INC FREEDOS,https://www.vatanbilgisayar.com/acer-nitro-5-11-nesil-core-i7-11800h-16gb-512gb-ssd-15-6inc-rtx3070-8gb-freedos.html,31499,0.0,https://cdn.vatanbilgisayar.com/Upload/PRODUCT/acer/thumb/1-134080_small.jpg
ACER NITRO 5 12.NESIL CORE I5 12500H 8GB 512GB 15.6INC W11,https://www.vatanbilgisayar.com/acer-nitro-5-12-nesil-core-i5-12500h-8gb-512gb-ssd-15-6inc-rtx3050-4gb-w11.html,23999,0.0,https://cdn.vatanbilgisayar.com/Upload/PRODUCT/acer/thumb/135325-1_small.jpg
ACER NITRO 5 12.NESIL CORE I7 12700H 8GB 512GB 15.6INC FREEDOS,https://www.vatanbilgisayar.com/acer-nitro-5-12-nesil-core-i7-12700h-8gb-512gb-ssd-15-6inc-rtx3060-6gb-freedos.html,29999,0.0,https://cdn.vatanbilgisayar.com/Upload/PRODUCT/acer/thumb/135325-1-1_small.jpg
ACER NITRO 5 4.NESIL RYZEN 5 4600H 8GB 512GB 15.6INC W10,https://www.vatanbilgisayar.com/acer-nitro-5-amd-ryzen-5-4600h-3-0ghz-8gb-512gb-ssd-15-6-gtx1650-4gb-w10.html,17999,4.0,https://cdn.vatanbilgisayar.com/Upload/PRODUCT/acer/thumb/123276_small.jpg
ACER NITRO 5 5.NESIL RYZEN 7 5800H 16GB 512GB 17.3INC FREEDOS,https://www.vatanbilgisayar.com/acer-nitro-5-5-nesil-ryzen-7-5800h-16gb-512gb-ssd-17-3inc-rtx3060-6gb-freedos.html,26999,0.0,https://cdn.vatanbilgisayar.com/Upload/PRODUCT/acer/thumb/133045-1-1_small.jpg
ACER NITRO 5 5.NESIL RYZEN 7 5800H 32GB 1TB 17.3INC FREEDOS,https://www.vatanbilgisayar.com/acer-nitro-5-5-nesil-ryzen-7-5800h-32gb-1tb-ssd-17-3inc-rtx3080-8gb-freedos.html,45999,0.0,https://cdn.vatanbilgisayar.com/Upload/PRODUCT/acer/thumb/133045-1-2_small.jpg
ACER NITRO 5 6.NESIL RYZEN 7 6800H 16GB 512GB 15.6INC FREEDOS,https://www.vatanbilgisayar.com/acer-nitro-5-6-nesil-ryzen-7-6800h-16gb-512gb-ssd-15-6inc-rtx3050ti-4gb-freedos.html,27999,0.0,https://cdn.vatanbilgisayar.com/Upload/PRODUCT/acer/thumb/135335-1_small.jpg
ACER NITRO 5 9.NESIL CORE I5 9300H 8GB 512GB 15.6INC W10,https://www.vatanbilgisayar.com/acer-nitro-5-core-i5-9300h-2-4ghz-8gb-512gb-ssd-15-6-rtx2060-6gb-w10.html,22845,4.0,https://cdn.vatanbilgisayar.com/Upload/PRODUCT/acer/thumb/122717_small.jpg
ACER PORSCHE  11.NESIL CORE I7 1165G7 16GB 1TB 14INC W10,https://www.vatanbilgisayar.com/acer-porsche-design-11-nesil-core-i7-1165g7-16gb-1tb-ssd-14-mx350-2gb-w10.html,34299,0.0,https://cdn.vatanbilgisayar.com/Upload/PRODUCT/acer/thumb/132402-1_small.jpg
ACER PREDATOR 10.NESIL CORE I5 10300H 16GB 512GB 15.6INC W10,https://www.vatanbilgisayar.com/acer-predator-core-i5-10300h-2-5ghz-16gb-512gb-ssd-15-6-gtx1660ti-6gb-w10-126441.html,29075,0.0,https://cdn.vatanbilgisayar.com/Upload/PRODUCT/acer/thumb/1-1_small.jpg
ACER PREDATOR 10.NESIL CORE I5 10300H 16GB 512GB 15.6INC W10,https://www.vatanbilgisayar.com/acer-predator-core-i5-10300h-2-5ghz-16gb-512gb-ssd-15-6-gtx1660ti-6gb-w10.html,27258,5.0,https://cdn.vatanbilgisayar.com/Upload/PRODUCT/acer/thumb/125374_small.jpg
ACER PREDATOR 10.NESIL CORE I7 10750H 16GB 1TB 15.6INC W10,https://www.vatanbilgisayar.com/acer-predator-core-i7-10750h-2-6ghz-16gb-1tb-ssd-15-6-rtx-2070-8gb-w10.html,36318,4.0,https://cdn.vatanbilgisayar.com/Upload/PRODUCT/acer/thumb/120460_small.jpg
ACER PREDATOR 10.NESIL CORE I7 10750H 16GB 512GB 17.3INC W10,https://www.vatanbilgisayar.com/acer-predator-core-i7-10750h-2-6ghz-16gb-512gb-ssd-17-3-rtx-2060-6gb-w10-120375.html,33722,5.0,https://cdn.vatanbilgisayar.com/Upload/PRODUCT/acer/thumb/120375_small.jpg
ACER PREDATOR 10.NESIL CORE I7 10750H 32GB 512GB 15.6INC W10,https://www.vatanbilgisayar.com/acer-predator-10-nesil-core-i7-10750h-32gb-512gb-ssd-15-6inc-rtx3070-8gb-w10.html,43499,0.0,https://cdn.vatanbilgisayar.com/Upload/PRODUCT/acer/thumb/ph315-53-799l-1_small.jpg
ACER PREDATOR 11.NESIL CORE I7 11800H 16GB 512GB 15.6INC W10,https://www.vatanbilgisayar.com/acer-predator-11-nesil-core-i7-11800h-16gb-512gb-ssd-15-6inc-rtx-3060-6gb-w10.html,28499,0.0,https://cdn.vatanbilgisayar.com/Upload/PRODUCT/acer/thumb/1-133813_small.jpg
ACER PREDATOR 11.NESIL CORE I7 11800H 32GB 1TB 15.6INC W10,https://www.vatanbilgisayar.com/acer-predator-11-nesil-core-i7-11800h-32gb-1tb-ssd-15-6inc-rtx3070-8gb-w10.html,44899,0.0,https://cdn.vatanbilgisayar.com/Upload/PRODUCT/acer/thumb/ph315-54-73pk-1_small.jpg
ACER SWIFTEVO 11.NESIL CORE I5 1135G7 8GB 512GB 14INC W11,https://www.vatanbilgisayar.com/acer-swift-3-evo-11-nesil-core-i5-1135g7-8gb-512gb-ssd-14inc-w11.html,14899,0.0,https://cdn.vatanbilgisayar.com/Upload/PRODUCT/acer/thumb/134946-1_small.jpg
ACER TRAVELMATE P2 10.NESIL CORE I5 10210U 8GB 512GB 15.6INC FREEDOS,https://www.vatanbilgisayar.com/acer-travelmate-p2-10-nesil-core-i5-10210u-8gb-512gb-15-6inc-mx230-2gb-freedos.html,10999,0.0,https://cdn.vatanbilgisayar.com/Upload/PRODUCT/acer/thumb/134940-1_small.jpg
ASUS D515 5.NESIL RYZEN 5 5500U 8GB 512GB 15.6INC W10,https://www.vatanbilgisayar.com/asus-d515-5-nesil-ryzen-5-5500u-8gb-512gb-ssd-15-6-w10.html,13999,5.0,https://cdn.vatanbilgisayar.com/Upload/PRODUCT/asus/thumb/132063-1_small.jpg
ASUS EXPERTBOOK P5440FA 8.NESIL CORE I7 8565U 8GB 512GB 14INC W10P,https://www.vatanbilgisayar.com/asus-p5440fa-core-i7-8565u-1-8ghz-8gb-ram-512gb-ssd-14-int-w10-pro.html,15799,0.0,https://cdn.vatanbilgisayar.com/Upload/PRODUCT/asus/thumb/110371_small.jpg
ASUS ROG FLOW X13 6.NESIL RYZEN 7 6800HS 16GB 512GB 13.4INC W11,https://www.vatanbilgisayar.com/asus-rog-flow-x13-6-nesil-ryzen-7-6800hs-16gb-512gbssd-13-4inc-rtx3050-4gb-w11.html,26000,0.0,https://cdn.vatanbilgisayar.com/Upload/PRODUCT/asus/thumb/1-134113_small.jpg
ASUS ROG FLOW X13 6.NESIL RYZEN 7 6800HS 16GB 512GB 13.4INC W11,https://www.vatanbilgisayar.com/asus-rog-flow-x13-6-nesil-ryzen-7-6800hs-16gb-512gbssd-13-4inc-rtx3050ti-4gb-w11.html,24999,0.0,https://cdn.vatanbilgisayar.com/Upload/PRODUCT/asus/thumb/1-134113-1_small.jpg
ASUS ROG FLOW X16 6.NESIL RYZEN 7 6800HS 32GB 1TB 16INC W11,https://www.vatanbilgisayar.com/asus-rog-flow-x16-6-nesil-ryzen-7-6800hs-32gb-1tb-ssd-16inc-rtx3070ti-8gb-w11.html,65359,0.0,https://cdn.vatanbilgisayar.com/Upload/PRODUCT/asus/thumb/134495-1_small.jpg
ASUS ROG FLOW Z13 12.NESIL CORE I7 12700H 16GB 512GB 13.4INC W11,https://www.vatanbilgisayar.com/asus-rog-flow-z13-12-nesil-core-i7-12700h-16gb-512gbssd-13-4-rtx3050-4gb-w11.html,36920,0.0,https://cdn.vatanbilgisayar.com/Upload/PRODUCT/asus/thumb/132818-1_small.jpg
ASUS ROG STRIX G15 4.NESIL RYZEN 7 4800H 16GB 512GB 15.6INC W10,https://www.vatanbilgisayar.com/asus-rog-strix-g15-amd-r7-4800h-2-9ghz-16gb-512gb-ssd-15-6-rtx3050ti-4gb-w10.html,32489,4.0,https://cdn.vatanbilgisayar.com/Upload/PRODUCT/asus/thumb/129554_small.jpg
ASUS ROG STRIX G15 4.NESIL RYZEN 7 4800H 16GB 512GB 15.6INC W11,https://www.vatanbilgisayar.com/asus-rog-strix-g15-4-nesil-ryzen-7-4800h-16gb-512gb-ssd-15-6-rtx3050ti-4gb-w10.html,27440,5.0,https://cdn.vatanbilgisayar.com/Upload/PRODUCT/asus/thumb/132427-1_small.jpg
ASUS ROG STRIX G15 4.NESIL RYZEN 7 4800H 16GB 512GB 15.6INC W10,https://www.vatanbilgisayar.com/asus-rog-strix-g15-amd-r7-4800h-2-9ghz-16gb-512gb-ssd-15-6-rtx3050-4gb-w10.html,31320,4.0,https://cdn.vatanbilgisayar.com/Upload/PRODUCT/asus/thumb/128943_small.jpg
ASUS ROG STRIX G15 4.NESIL RYZEN 7 4800H 16GB 512GB 15.6INC W11,https://www.vatanbilgisayar.com/asus-rog-strix-g15-4-nesil-ryzen-7-4800h-16gb-512gb-ssd-15-6-rtx3050-4gb-w11.html,25445,4.0,https://cdn.vatanbilgisayar.com/Upload/PRODUCT/asus/thumb/132427-1-1_small.jpg
ASUS ROG STRIX G15 5.NESIL RYZEN 9 5900HX 16GB 1TB 15.6INC W10,https://www.vatanbilgisayar.com/asus-rog-strix-g15-amd-r-9-5900hx-3-3ghz-16gb-1tb-ssd-15-6-rtx3060-6gb-w10.html,40999,5.0,https://cdn.vatanbilgisayar.com/Upload/PRODUCT/asus/thumb/129980_small.jpg
ASUS ROG STRIX G15 5.NESIL RYZEN 9 5900HX 16GB 1TB 15.6INC W10,https://www.vatanbilgisayar.com/asus-rog-strix-g15-amd-r9-5900hx-3-3ghz-16gb-1tb-ssd-15-6-rtx3070-8gb-w10.html,56999,4.0,https://cdn.vatanbilgisayar.com/Upload/PRODUCT/asus/thumb/128943-9_small.jpg
ASUS ROG STRIX G15 6.NESIL RYZEN 7 6800H 16GB 1TB 15.6INC W11,https://www.vatanbilgisayar.com/asus-rog-strix-g15-6-nesil-ryzen-7-6800h-16gb-1tb-ssd-15-6inc-rtx3060-6gb-w11.html,41399,5.0,https://cdn.vatanbilgisayar.com/Upload/PRODUCT/asus/thumb/1-134112_small.jpg
ASUS ROG STRIX G17 4.NESIL RYZEN 7 4800H 16GB 1TB 17.3INC W10,https://www.vatanbilgisayar.com/asus-rog-strix-g17-ryzen-7-4800h-2-9ghz-16gb-1tbssd-17-3-rtx3050ti-4gb-w10.html,29999,5.0,https://cdn.vatanbilgisayar.com/Upload/PRODUCT/asus/thumb/129553_small.jpg
ASUS ROG STRIX G17 5.NESIL RYZEN 7 5800H 16GB 1TB 17.3INC W11,https://www.vatanbilgisayar.com/asus-rog-strix-g17-5-nesil-ryzen-7-5800h-16gb-1tb-ssd-17-3inc-rtx3070-8gb-w11.html,46199,0.0,https://cdn.vatanbilgisayar.com/Upload/PRODUCT/asus/thumb/1-133757_small.jpg
ASUS ROG STRIX G17 5.NESIL RYZEN 9 5900HX 32GB 1TB 17.3INC W10,https://www.vatanbilgisayar.com/asus-rog-strix-g17-ryzen-9-5900hx-3-3ghz-32gb-1tbssd-17-3-rtx3070-8gb-w10.html,58499,4.0,https://cdn.vatanbilgisayar.com/Upload/PRODUCT/asus/thumb/121946_small.jpg
ASUS ROG STRIX G17 5.NESIL RYZEN 9 6900HX 32GB 1TB 17.3INC W11,https://www.vatanbilgisayar.com/asus-rog-strix-g17-5-nesil-ryzen-9-6900hx-32gb-1tb-ssd-17-3inc-rtx3080-8gb-w11.html,52999,0.0,https://cdn.vatanbilgisayar.com/Upload/PRODUCT/asus/thumb/g713rs-kh005w-gaming-1-2_small.jpg
ASUS ROG STRIX SCAR17 5.NESIL RYZEN 9 5900HX 32GB 1TB 17.3INC W10,https://www.vatanbilgisayar.com/asus-rog-strix-scar-17-ryzen-9-5900hx-3-3ghz-16gb-1tbssd-17-3-rtx3080-16gb-w10.html,88823,4.0,https://cdn.vatanbilgisayar.com/Upload/PRODUCT/asus/thumb/118057_small.jpg
ASUS ROG ZEPHYRUS G14 5.NESIL RYZEN 7 5800HS 16GB 512GB 14INC W11,https://www.vatanbilgisayar.com/asus-rog-zephyrus-g14-5-nesil-ryzen-7-5800hs-16gb-512gb-ssd-14-rtx3050-4gb-w11.html,26999,5.0,https://cdn.vatanbilgisayar.com/Upload/PRODUCT/asus/thumb/132807-1_small.jpg
ASUS ROG ZEPHYRUS G14 5.NESIL RYZEN 7 5800HS 16GB 512GB 14INC W10,https://www.vatanbilgisayar.com/asus-zephyrus-g14-amd-ryzen-7-5800hs-2-8ghz-16gb-512gbssd-14-rtx3050ti-4gb-w10.html,33999,4.0,https://cdn.vatanbilgisayar.com/Upload/PRODUCT/asus/thumb/127664_small.jpg
ASUS ROG ZEPHYRUS G14 5.NESIL RYZEN 9 5900HS 32GB 1TB 14INC W10,https://www.vatanbilgisayar.com/asus-rog-zephyrus-g14-amd-ryzen9-5900hs-3-1ghz-32gb-1tb-ssd-14-rtx3060-6gb-w10.html,50499,5.0,https://cdn.vatanbilgisayar.com/Upload/PRODUCT/asus/thumb/130137_small.jpg
ASUS ROG ZEPHYRUS M16 11.NESIL CORE I7 11800H 16GB 512GB 16INC W10,https://www.vatanbilgisayar.com/asus-rog-zephyrus-m16-11-nesil-core-i7-11800h-16gb-512gbssd-16-rtx3050ti-4gb-w10.html,45579,0.0,https://cdn.vatanbilgisayar.com/Upload/PRODUCT/asus/thumb/132067-1_small.jpg
ASUS ROG ZEPHYRUS M16 12.NESIL CORE I7 12700H 16GB 512GB 16INC W11,https://www.vatanbilgisayar.com/asus-rog-zephyrus-m16-12-nesil-core-i7-12700h-16gb-512gbssd-16-rtx3050ti-4gb-w11.html,40911,5.0,https://cdn.vatanbilgisayar.com/Upload/PRODUCT/asus/thumb/132420-1_small.jpg
ASUS TUF GAMING 15 10.NESIL CORE I5 10300H 8GB 1TB 15.6INC W10,https://www.vatanbilgisayar.com/asus-tuf-gaming-15-core-i5-10300h-2-5ghz-8gb-1tb-ssd-15-6-gtx1650-4gb-w10.html,23840,4.0,https://cdn.vatanbilgisayar.com/Upload/PRODUCT/asus/thumb/127665_small.jpg
ASUS TUF GAMING 15 10.NESIL CORE I5 10300H 8GB 512GB 15.6INC W11,https://www.vatanbilgisayar.com/asus-tuf-gaming-15-10-nesil-core-i5-10300h-8gb-512gb-ssd-15-6-gtx1650-4gb-w11.html,17462,4.0,https://cdn.vatanbilgisayar.com/Upload/PRODUCT/asus/thumb/132419-1_small.jpg
ASUS TUF GAMING 15 10.NESIL CORE I5 10300H 8GB 512GB 15.6INC W11,https://www.vatanbilgisayar.com/asus-tuf-gaming-15-10-nesil-core-i5-10300h-8gb-512gb-ssd-15-6-gtx1650-4gb-w11.html,17462,4.0,https://cdn.vatanbilgisayar.com/Upload/PRODUCT/asus/thumb/132419-1_small.jpg
ASUS TUF GAMING 15 10.NESIL CORE I5 10300H 8GB 512GB 15.6INC W11,https://www.vatanbilgisayar.com/asus-tuf-gaming-15-10-nesil-core-i5-10300h-8gb-512gb-ssd-15-6inc-gtx1650-4gb-w10.html,17462,4.0,https://cdn.vatanbilgisayar.com/Upload/PRODUCT/asus/thumb/133063-1_small.jpg
ASUS TUF GAMING A15 4.NESIL RYZEN 5 4600H 8GB 512GB 15.6INC W11,https://www.vatanbilgisayar.com/asus-tuf-gaming-a15-4-nesil-ryzen-5-4600h-8gb-512gb-ssd-15-6inc-rtx3050-4gb-w11.html,19956,0.0,https://cdn.vatanbilgisayar.com/Upload/PRODUCT/asus/thumb/134862-1_small.jpg
ASUS TUF GAMING F15 11.NESIL CORE I5 11400H 8GB 512GB 15.6INC W11,https://www.vatanbilgisayar.com/asus-tuf-gaming-f15-11-nesil-core-i5-11400h-8gb-512gb-ssd-15-6-rtx3050ti-4gb-w11.html,21899,0.0,https://cdn.vatanbilgisayar.com/Upload/PRODUCT/asus/thumb/132066-1_small.jpg
ASUS TUF GAMING F15 11.NESIL CORE I5 11400H 8GB 512GB 15.6INC W11,https://www.vatanbilgisayar.com/asus-tuf-gaming-f15-11-nesil-core-i5-11400h-8gb-512gb-ssd-15-6-rtx3050-4gb-w11.html,20999,5.0,https://cdn.vatanbilgisayar.com/Upload/PRODUCT/asus/thumb/132065-1_small.jpg
ASUS TUF GAMING F15 11.NESIL CORE I5 11400H 8GB 512GB 15.6INC W11,https://www.vatanbilgisayar.com/por-i5-11400h-fx506hc-8-512-4-15-6-w1.html,21999,4.0,https://cdn.vatanbilgisayar.com/Upload/PRODUCT/asus/thumb/1-133754_small.jpg
ASUS TUF GAMING F15 11.NESIL CORE I5 11400H 8GB 512GB 15.6INC W10,https://www.vatanbilgisayar.com/asus-tuf-gaming-f15-core-i5-11400h-2-7ghz-8gb-512gb-ssd-15-6-rtx3050-4gb-w10.html,28509,5.0,https://cdn.vatanbilgisayar.com/Upload/PRODUCT/asus/thumb/128938_small.jpg
ASUS TUF GAMING F15 11.NESIL CORE I5 11400H 8GB 512GB 15.6INC W11,https://www.vatanbilgisayar.com/asus-tuf-gaming-f15-11-nesil-core-i5-11400h-8gb-512gb-ssd-15-6-rtx3050ti-4gb-w11-133048.html,29337,4.0,https://cdn.vatanbilgisayar.com/Upload/PRODUCT/asus/thumb/133048-1_small.jpg
ASUS TUF GAMING F15 11.NESIL CORE I7 11370H 16GB 1TB 15.6INC W10,https://www.vatanbilgisayar.com/asus-tuf-gaming-f15-core-i7-11370h-3-3ghz-16gb-1tb-ssd-15-6-rtx3060-6gb-w10.html,35999,4.0,https://cdn.vatanbilgisayar.com/Upload/PRODUCT/asus/thumb/121947_small.jpg
ASUS TUF GAMING F15 11.NESIL CORE I7 11370H 16GB 512GB 15.6INC W11,https://www.vatanbilgisayar.com/asus-tuf-gaming-f15-11-nesil-core-i7-11370h-16gb-512gb-ssd-15-6-rtx3060-6gb-w11.html,31699,0.0,https://cdn.vatanbilgisayar.com/Upload/PRODUCT/asus/thumb/132413-1_small.jpg
ASUS TUF GAMING F15 11.NESIL CORE I7 11800H 16GB 512GB 15.6INC W10,https://www.vatanbilgisayar.com/asus-tuf-gaming-f15-core-i7-11800h-2-3ghz-16gb-512gb-ssd-15-6-rtx3050-4gb-w10-131504.html,25999,4.0,https://cdn.vatanbilgisayar.com/Upload/PRODUCT/asus/thumb/131504-1_small.jpg
ASUS TUF GAMING F17 11.NESIL CORE I7 11800H 16GB 1TB 17.3INC W10,https://www.vatanbilgisayar.com/asus-tuf-gaming-f17-core-i7-11800h-2-3ghz-16gb-1tb-ssd-17-3-rtx3050ti-4gb-w10.html,29899,5.0,https://cdn.vatanbilgisayar.com/Upload/PRODUCT/asus/thumb/131503-1_small.jpg
ASUS TUF GAMING F17 11.NESIL CORE I7 11800H 16GB 1TB 17.3INC W10,https://www.vatanbilgisayar.com/asus-tuf-gaming-f17-core-i7-11800h-2-3ghz-16gb-1tb-ssd-17-3-rtx3060-6gb-w10.html,36999,5.0,https://cdn.vatanbilgisayar.com/Upload/PRODUCT/asus/thumb/129981_small.jpg
ASUS VIVOBOOK 15 M1502 4.NESIL RYZEN 5 4600H 8GB 256GB 15.6INC W11,https://www.vatanbilgisayar.com/asus-vivobook-15-m1502-4-nesil-ryzen-5-4600h-8gb-256gb-ssd-15-6inc-w11.html,13470,3.0,https://cdn.vatanbilgisayar.com/Upload/PRODUCT/asus/thumb/134859-1_small.jpg
ASUS VIVOBOOK 15 M1502 4.NESIL RYZEN 5 4600H 8GB 256GB 15.6INC W11,https://www.vatanbilgisayar.com/asus-vivobook-15-m1502-4-nesil-ryzen-5-4600h-8gb-256gb-ssd-15-6inc-w11.html,13470,3.0,https://cdn.vatanbilgisayar.com/Upload/PRODUCT/asus/thumb/134859-1_small.jpg
ASUS VIVOBOOK 15 M1502 4.NESIL RYZEN 7 4800H 16GB 512GB 15.6INC W11,https://www.vatanbilgisayar.com/asus-vivobook-15-m1502-4-nesil-ryzen-7-4800h-16gb-512gb-ssd-15-6inc-w11.html,18958,0.0,https://cdn.vatanbilgisayar.com/Upload/PRODUCT/asus/thumb/134861-1_small.jpg
ASUS VIVOBOOK 15 11.NESIL CORE I5 1135G7 8GB 512GB 15.6INC W11,https://www.vatanbilgisayar.com/asus-vivobook-15-oled-11-nesil-core-i5-1135g7-8gb-512gb-ssd-15-6-mx330-2gb-w11.html,17961,5.0,https://cdn.vatanbilgisayar.com/Upload/PRODUCT/asus/thumb/1-133478_small.jpg
ASUS VIVOBOOK PRO 14 11.NESIL CORE I5 11300H 16GB 512GB 14INC W10,https://www.vatanbilgisayar.com/asus-vivobook-pro-14-oled-corei5-11300h-3-1ghz-16gb-512gbssd-14-gtx1650-4gb-w10.html,27346,5.0,https://cdn.vatanbilgisayar.com/Upload/PRODUCT/asus/thumb/130726-1_small.jpg
ASUS VIVOBOOK PRO 14 11.NESIL CORE I5 11300H 16GB 512GB 14INC W11,https://www.vatanbilgisayar.com/asus-vivobook-pro-14-oled-11-nesil-core-i5-11300h-16gb-512ssd-14-gtx1650-4gb-w11.html,27799,3.0,https://cdn.vatanbilgisayar.com/Upload/PRODUCT/asus/thumb/132061-1_small.jpg
ASUS VIVOBOOK PRO 14 11.NESIL CORE I7 11370H 16GB 512GB 14INC W10,https://www.vatanbilgisayar.com/asus-vivobook-pro-14-oled-corei7-11370h-3-3ghz-16gb-512gbssd-14-gtx1650-4gb-w10.html,31554,0.0,https://cdn.vatanbilgisayar.com/Upload/PRODUCT/asus/thumb/130725-1_small.jpg
ASUS VIVOBOOK PRO 14 11.NESIL CORE I7 11370H 16GB 512GB 14INC W11,https://www.vatanbilgisayar.com/asus-vivobook-pro-14-oled-11-nesil-core-i7-11370h-16gb-512ssd-14-gtx1650-4gb-w11.html,29935,0.0,https://cdn.vatanbilgisayar.com/Upload/PRODUCT/asus/thumb/134928-1_small.jpg
ASUS VIVOBOOK PRO 14 5.NESIL RYZEN 5 5600H 16GB 512GB 14INC W11,https://www.vatanbilgisayar.com/asus-vivobook-pro-14-oled-5-nesil-ryzen-5-5600h-16gb-512ssd-14-rtx3050-4gb-w11.html,28937,5.0,https://cdn.vatanbilgisayar.com/Upload/PRODUCT/asus/thumb/134932-1_small.jpg
ASUS VIVOBOOK PRO 14 5.NESIL RYZEN 9 5900HX 16GB 1TB 14INC W11,https://www.vatanbilgisayar.com/asus-vivobook-pro-14-oled-5-nesil-ryzen-9-5900hx-16gb-1tb-14-rtx3050-4gb-w11.html,36920,0.0,https://cdn.vatanbilgisayar.com/Upload/PRODUCT/asus/thumb/134935-1_small.jpg
ASUS VIVOBOOK PRO 16 11.NESIL CORE I5 11300H 16GB 512GB 16INC W11,https://www.vatanbilgisayar.com/asus-vivobook-pro-16-oled-11-nesil-core-i5-11300h-16gb-512ssd-16-rtx3050-4gb-w11.html,32999,5.0,https://cdn.vatanbilgisayar.com/Upload/PRODUCT/asus/thumb/131858-1_small.jpg
ASUS VIVOBOOK PRO 16 11.NESIL CORE I7 11370H 16GB 1TB 16INC W11,https://www.vatanbilgisayar.com/asus-vivobook-pro-16-oled-11-nesil-core-i7-11370h-16gb-1tbssd-16-rtx3050-4gb-w11.html,38499,5.0,https://cdn.vatanbilgisayar.com/Upload/PRODUCT/asus/thumb/131818-1_small.jpg
ASUS VIVOBOOK S15 M3502 5.NESIL RYZEN 5 5600H 16GB 512GB 15.6INC W11,https://www.vatanbilgisayar.com/asus-vivobook-s15-oled-m3502-5-nesil-ryzen-5-5600h-16gb-512gb-ssd-15-6inc-w11.html,21952,5.0,https://cdn.vatanbilgisayar.com/Upload/PRODUCT/asus/thumb/134832-1_small.jpg
ASUS VIVOBOOK S15 M3502 5.NESIL RYZEN 7 5800H 16GB 1TB 15.6INC W11,https://www.vatanbilgisayar.com/asus-vivobook-s15-oled-m3502-5-nesil-ryzen-7-5700h-16gb-1tb-ssd-15-6inc-w11.html,29935,0.0,https://cdn.vatanbilgisayar.com/Upload/PRODUCT/asus/thumb/134833-1_small.jpg
ASUS VIVOBOOK X571 10.NESIL CORE I7 10870H 8GB 512GB 15.6INC FREEDOS,https://www.vatanbilgisayar.com/as-x571li-bq377-15-6-i7-1087-8-512-dos-4.html,17999,5.0,https://cdn.vatanbilgisayar.com/Upload/PRODUCT/asus/thumb/1-133410_small.jpg
ASUS X415EA 11.NESIL CORE I5 1135G7 8GB 256GB 14INC FREEDOS,https://www.vatanbilgisayar.com/asus-x415ea-11-nesil-core-i5-1135g7-8gb-256gb-ssd-14inc-freedos.html,10599,5.0,https://cdn.vatanbilgisayar.com/Upload/PRODUCT/asus/thumb/1-133409_small.jpg
ASUS X415EA 11.NESIL CORE I7 1165G7 8GB 512GB 14INC W11,https://www.vatanbilgisayar.com/asus-x415ea-11-nesil-core-i7-1165g7-8gb-512gb-ssd-14inc-w11.html,16963,5.0,https://cdn.vatanbilgisayar.com/Upload/PRODUCT/asus/thumb/1-133855_small.jpg
ASUS X415JA 10.NESIL CORE I7 1065G7 8GB 512GB 14INC FREEDOS,https://www.vatanbilgisayar.com/asus-x415ja-10-nesil-core-i7-1065g7-8gb-512gb-ssd-14-freedos.html,17099,5.0,https://cdn.vatanbilgisayar.com/Upload/PRODUCT/asus/thumb/131860-1_small.jpg
ASUS X509FA 10.NESIL CORE I3 10110U 4GB 256GB 15.6INC W10,https://www.vatanbilgisayar.com/asus-x509fa-core-i3-10110u-2-1ghz-4gb-ram-256gb-ssd-15-6-int-w10.html,10999,4.0,https://cdn.vatanbilgisayar.com/Upload/PRODUCT/asus/thumb/130013-1-2_small.jpg
ASUS X509FA 10.NESIL CORE I5 10210U 8GB 256GB 15.6INC W10,https://www.vatanbilgisayar.com/asus-x509fa-core-i5-10210u-1-6ghz-8gb-ram-256gb-ssd-15-6-int-w10.html,14724,4.0,https://cdn.vatanbilgisayar.com/Upload/PRODUCT/asus/thumb/130093_small.jpg
ASUS X515EA 11.NESIL CORE I3 1115G4 4GB 128GB 15.6INC W11,https://www.vatanbilgisayar.com/asus-x515ea-11-nesil-core-i3-1115g4-4gb-128gb-ssd-15-6inc-w11.html,8899,0.0,https://cdn.vatanbilgisayar.com/Upload/PRODUCT/asus/thumb/134361-1_small.jpg
ASUS X515EA 11.NESIL CORE I3 1115G4 4GB 128GB 15.6INC W11,https://www.vatanbilgisayar.com/asus-x515ea-11-nesil-core-i3-1115g4-4gb-128gb-ssd-15-6inc-w11.html,8899,0.0,https://cdn.vatanbilgisayar.com/Upload/PRODUCT/asus/thumb/134361-1_small.jpg
ASUS X515EA 11.NESIL CORE I5 1135G7 8GB 256GB 15.6INC FREEDOS,https://www.vatanbilgisayar.com/asus-x515ea-11-nesil-core-i5-1135g7-8gb-256gb-ssd-15-6inc-freedos.html,10599,0.0,https://cdn.vatanbilgisayar.com/Upload/PRODUCT/asus/thumb/134619-1_small.jpg
ASUS X515EA 11.NESIL CORE I5 1135G7 8GB 256GB 15.6INC FREEDOS,https://www.vatanbilgisayar.com/asus-x515ea-11-nesil-core-i5-1135g7-8gb-256gb-ssd-15-6inc-freedos.html,10599,0.0,https://cdn.vatanbilgisayar.com/Upload/PRODUCT/asus/thumb/134619-1_small.jpg
ASUS X515EA 11.NESIL CORE I5 1135G7 8GB 256GB 15.6INC W11,https://www.vatanbilgisayar.com/asus-x515ea-11-nesil-core-i5-1135g7-8gb-256gb-ssd-15-6inc-w11.html,11999,4.0,https://cdn.vatanbilgisayar.com/Upload/PRODUCT/asus/thumb/1-133857_small.jpg
ASUS X515EA 11.NESIL CORE I5 1135G7 8GB 256GB 15.6INC W11,https://www.vatanbilgisayar.com/asus-x515ea-11-nesil-core-i5-1135g7-8gb-256gb-ssd-15-6inc-w11.html,11999,4.0,https://cdn.vatanbilgisayar.com/Upload/PRODUCT/asus/thumb/1-133857_small.jpg
ASUS X515EA 11.NESIL CORE I5 1135G7 8GB 512GB 15.6INC W11,https://www.vatanbilgisayar.com/asus-x515ea-11-nesil-core-i5-1135g7-8gb-512gb-ssd-15-6inc-w11.html,12999,5.0,https://cdn.vatanbilgisayar.com/Upload/PRODUCT/asus/thumb/1-133855-1_small.jpg
ASUS X515EP 11.NESIL CORE I5 1135G7 8GB 256GB 15.6INC W10,https://www.vatanbilgisayar.com/asus-x515ep-core-i5-1135g7-2-4ghz-8gb-256gb-ssd-15-6-mx330-2gb-w10.html,16594,4.0,https://cdn.vatanbilgisayar.com/Upload/PRODUCT/asus/thumb/130729-1_small.jpg
ASUS X515EP 11.NESIL CORE I7 1165G7 16GB 512GB 15.6INC W10,https://www.vatanbilgisayar.com/asus-x515jf-core-i7-1165g7-2-8ghz-16gb-ram-512gb-ssd-15-6-mx330-2gb-w10.html,22905,5.0,https://cdn.vatanbilgisayar.com/Upload/PRODUCT/asus/thumb/128935-1-1_small.jpg
ASUS X515EP 11.NESIL CORE I7 1165G7 16GB 512GB 15.6INC W10,https://www.vatanbilgisayar.com/asus-x515ep-core-i7-1165g7-2-8ghz-16gb-ram-512gb-ssd-15-6-mx330-2gb-w10.html,25009,3.0,https://cdn.vatanbilgisayar.com/Upload/PRODUCT/asus/thumb/130727-1_small.jpg
ASUS X515FA 10.NESIL CORE I3 10110U 4GB 128GB 15.6INC W11,https://www.vatanbilgisayar.com/asus-x515fa-10-nesil-core-i3-10110u-4gb-128gb-ssd-15-6-w11.html,10999,4.0,https://cdn.vatanbilgisayar.com/Upload/PRODUCT/asus/thumb/132064-1_small.jpg
ASUS X515FA 10.NESIL CORE I3 10110U 4GB 256GB 15.6INC FREEDOS,https://www.vatanbilgisayar.com/asus-x515fa-10-nesil-core-i3-10110u-4gb-128gb-ssd-15-6inc-freedos.html,7999,4.0,https://cdn.vatanbilgisayar.com/Upload/PRODUCT/asus/thumb/1-133408_small.jpg
ASUS X515FA 10.NESIL CORE I5 10210U 8GB 256GB 15.6INC W10,https://www.vatanbilgisayar.com/asus-x515fa-core-i5-10210u-1-6ghz-8gb-ram-256gb-ssd-15-6-int-w10.html,13699,5.0,https://cdn.vatanbilgisayar.com/Upload/PRODUCT/asus/thumb/131707-1_small.jpg
ASUS X515JA 10.NESIL CORE I3 1005G1 4GB 256GB 15.6INC FREEDOS,https://www.vatanbilgisayar.com/asus-x515ja-10-nesil-core-i3-1005g1-4gb-256gb-ssd-15-6inc-dos.html,8581,0.0,https://cdn.vatanbilgisayar.com/Upload/PRODUCT/asus/thumb/1-133857-1_small.jpg
ASUS X515JA 10.NESIL CORE I3 1005G1 4GB 256GB 15.6INC W10,https://www.vatanbilgisayar.com/asus-x515ja-core-i3-1005g1-1-2ghz-4gb-ram-256gb-ssd-15-6-int-w10-130730.html,11919,4.0,https://cdn.vatanbilgisayar.com/Upload/PRODUCT/asus/thumb/130730-1_small.jpg
ASUS X515JA 10.NESIL CORE I3 1005G1 4GB 256GB 15.6INC W11,https://www.vatanbilgisayar.com/asus-x515ja-10-nesil-core-i3-1005g1-4gb-256gb-ssd-15-6inc-w11.html,9299,4.0,https://cdn.vatanbilgisayar.com/Upload/PRODUCT/asus/thumb/1-133481-1_small.jpg
ASUS X515JA 10.NESIL CORE I5 1035G1 8GB 512GB 15.6INC W11,https://www.vatanbilgisayar.com/asus-x515ja-10-nesil-core-i5-1035g1-8gb-512gb-ssd-15-6inc-w11.html,14999,5.0,https://cdn.vatanbilgisayar.com/Upload/PRODUCT/asus/thumb/133033-1_small.jpg
ASUS X515JF 10.NESIL CORE I5 1035G1 8GB 256GB 15.6INC W10,https://www.vatanbilgisayar.com/asus-x515jf-core-i5-1035g1-1-0ghz-8gb-ram-256gb-ssd-15-6-mx130-2gb-w10-130136.html,15659,4.0,https://cdn.vatanbilgisayar.com/Upload/PRODUCT/asus/thumb/130136_small.jpg
ASUS X515JF 10.NESIL CORE I5 1035G1 8GB 512GB 15.6INC W10,https://www.vatanbilgisayar.com/asus-x515jf-core-i5-1035g1-1-0ghz-8gb-ram-512gb-ssd-15-6-mx130-2gb-w10.html,13969,4.0,https://cdn.vatanbilgisayar.com/Upload/PRODUCT/asus/thumb/129056_small.jpg
ASUS X515JF 10.NESIL CORE I7 1065G7 8GB 512GB 15.6INC W10,https://www.vatanbilgisayar.com/asus-x515jf-core-i7-1065g7-1-3ghz-8gb-ram-512gb-ssd-15-6-mx330-2gb-w10.html,20199,4.0,https://cdn.vatanbilgisayar.com/Upload/PRODUCT/asus/thumb/121791_small.jpg
ASUS ZENBOOK 13 UM325 5.NESIL RYZEN 7 5700U 16GB 1TB 13.3INC W10,https://www.vatanbilgisayar.com/asus-zenbook-13-um325-ryzen-7-5700u-2-1ghz-16gb-ram-1tb-ssd-13-3-amd-w10.html,29789,5.0,https://cdn.vatanbilgisayar.com/Upload/PRODUCT/asus/thumb/129984-9_small.jpg
ASUS ZENBOOK 14 UM3402 5.NESIL RYZEN 5 5625U 16GB 512GB 14INC W11,https://www.vatanbilgisayar.com/asus-zenbook-13-oled-um340-5-nesil-ryzen-5-5625u-16gb-512-ssd-14inc-w11.html,24799,0.0,https://cdn.vatanbilgisayar.com/Upload/PRODUCT/asus/thumb/um3402ya-kn092w-1_small.jpg
ASUS ZENBOOK 14 UM3402 5.NESIL RYZEN 5 5625U 16GB 512GB 14INC W11,https://www.vatanbilgisayar.com/asus-zenbook-14-oled-um3402-5-nesil-ryzen-5-5625u-16gb-512-ssd-14inc-w11.html,25943,0.0,https://cdn.vatanbilgisayar.com/Upload/PRODUCT/asus/thumb/134494-1_small.jpg
ASUS ZENBOOK 14 UM425 5.NESIL RYZEN 5 5500U 16GB 512GB 14INC W10,https://www.vatanbilgisayar.com/asus-zenbook-14-um425-ryzen-5-5500u-2-1ghz-16gb-ram-512gb-ssd-14-int-w10.html,23373,5.0,https://cdn.vatanbilgisayar.com/Upload/PRODUCT/asus/thumb/128983_small.jpg
ASUS ZENBOOK 14 UM425 5.NESIL RYZEN 5 5600H 16GB 512GB 14INC W11,https://www.vatanbilgisayar.com/asus-zenbook-14-um425-5-nesil-ryzen-5-5600h-16gb-512gb-ssd-14inc-w11.html,19956,0.0,https://cdn.vatanbilgisayar.com/Upload/PRODUCT/asus/thumb/134831-1_small.jpg
ASUS ZENBOOK 14X UX5401 11.NESIL CORE I5 1135G7 16GB 512GB 14INC W11,https://www.vatanbilgisayar.com/asus-zenbook-14x-oled-ux5401-11-nesil-core-i5-1135g7-16gb-512gb-ssd-14inc-w11.html,29935,0.0,https://cdn.vatanbilgisayar.com/Upload/PRODUCT/asus/thumb/134926-1_small.jpg
ASUS ZENBOOK 14X UX5401 11.NESIL CORE I7 1165G7 16GB 1TB 14INC W11,https://www.vatanbilgisayar.com/asus-zenbook-14x-oled-ux5401-11-nesil-core-i7-1165g7-16gb-1tb-ssd-14inc-w11.html,39914,0.0,https://cdn.vatanbilgisayar.com/Upload/PRODUCT/asus/thumb/134927-1_small.jpg
ASUS ZENBOOK 14X UM5401 5.NESIL RYZEN 9 5900HX 16GB 1TB 14INC W11,https://www.vatanbilgisayar.com/asus-zenbook-14x-um5401-5-nesil-ryzen-9-5900hx-16gb-1tb-ssd-14inc-w11.html,35922,0.0,https://cdn.vatanbilgisayar.com/Upload/PRODUCT/asus/thumb/134931-1_small.jpg
ASUS ZENBOOK PRO DUO 11.NESIL CORE I7 11800H 16GB 1TB 15.6INC W11,https://www.vatanbilgisayar.com/asus-zenbook-pro-duo-oled-core-i7-11800h-2-4ghz-16gb-1tb-15-6-rtx3060-6gb-w10.html,62999,0.0,https://cdn.vatanbilgisayar.com/Upload/PRODUCT/asus/thumb/131700-1_small.jpg
ASUS ZENBOOK PRO DUO 12.NESIL CORE I7 12700H 32GB 1TB 15.6INC W11,https://www.vatanbilgisayar.com/asus-zenbook-pro-duo-oled-11-nesil-core-i7-12700h-32gb-1tb-15-6-rtx3060-6gb-w11.html,75999,0.0,https://cdn.vatanbilgisayar.com/Upload/PRODUCT/asus/thumb/134365-1_small.jpg
ASUS ZENBOOK PRO DUO 12.NESIL CORE I9 12900H 32GB 1TB 15.6INC W11,https://www.vatanbilgisayar.com/asus-zenbook-pro-duo-oled-12-nesil-corei9-12900h-32gb-1tb-15-6-rtx3070ti-8gb-w11.html,99786,0.0,https://cdn.vatanbilgisayar.com/Upload/PRODUCT/asus/thumb/135415-1_small.jpg
CASPER EXCALIBUR 11.NESIL CORE I5 11400H 8GB 512GB 15.6INC W11,https://www.vatanbilgisayar.com/casper-excalibur-11-nesil-core-i5-11400h-8gb-500gb-ssd-15-6inc-gtx1650-4gb-w11.html,17599,4.0,https://cdn.vatanbilgisayar.com/Upload/PRODUCT/casper/thumb/1-133583_small.jpg
CASPER EXCALIBUR 11.NESIL CORE I5 11400H 8GB 512GB 15.6INC W11,https://www.vatanbilgisayar.com/casper-excalibur-11-nesil-core-i5-11400h-8gb-500gb-ssd-15-6inc-rtx3050ti-4gb-w11.html,18999,4.0,https://cdn.vatanbilgisayar.com/Upload/PRODUCT/casper/thumb/134854-1_small.jpg
CASPER EXCALIBUR 11.NESIL CORE I5 11400H 8GB 512GB 15.6INC W11,https://www.vatanbilgisayar.com/casper-excalibur-11-nesil-core-i5-11400h-8gb-500gb-ssd-15-6inc-rtx3050ti-4gb-w11.html,18999,4.0,https://cdn.vatanbilgisayar.com/Upload/PRODUCT/casper/thumb/134854-1_small.jpg
CASPER EXCALIBUR 11.NESIL CORE I7 11600H 16GB 512GB 15.6INC FREEDOS,https://www.vatanbilgisayar.com/casper-excalibur-11-nesil-core-i7-11600h-16gb-500gb-ssd-15-6inc-gtx1650-4gb-dos.html,19999,5.0,https://cdn.vatanbilgisayar.com/Upload/PRODUCT/casper/thumb/1-133584_small.jpg
CASPER EXCALIBUR 11.NESIL CORE I9 11980HK 32GB 1TB 16INC W11,https://www.vatanbilgisayar.com/casper-excalibur-11-nesil-core-i9-11980hk-32gb-1tb-ssd-16inc-rtx3080-16gb-w11.html,59999,0.0,https://cdn.vatanbilgisayar.com/Upload/PRODUCT/casper/thumb/6-133589_small.jpg
CASPER NIRVANA 11.NESIL CORE I3 1115G4 8GB 256GB 15.6INC W11,https://www.vatanbilgisayar.com/casper-nirvana-11-nesil-core-i3-1115g4-4gb-120gb-ssd-15-6inc-w11.html,9999,5.0,https://cdn.vatanbilgisayar.com/Upload/PRODUCT/casper/thumb/1-133581_small.jpg
CASPER NIRVANA 11.NESIL CORE I5 1135G7 8GB 512GB 15.6INC W11,https://www.vatanbilgisayar.com/casper-nirvana-11-nesil-core-i5-1135g7-8gb-500gb-ssd-15-6inc-w11.html,12999,5.0,https://cdn.vatanbilgisayar.com/Upload/PRODUCT/casper/thumb/1-133582_small.jpg
CASPER NIRVANA 11.NESIL CORE I7 1165G7 16GB 512GB 15.6INC W11,https://www.vatanbilgisayar.com/casper-nirvana-11-nesil-core-i7-1165g7-16gb-500gb-ssd-15-6inc-w11.html,18999,0.0,https://cdn.vatanbilgisayar.com/Upload/PRODUCT/casper/thumb/135485-1_small.jpg
DELL G15 5511 11.NESIL CORE I7 11800H 16GB 512GB 15.6INC W10,https://www.vatanbilgisayar.com/dell-g15-11-nesil-core-i7-11800h-16gb-512gb-ssd-rtx3060-6gb-15-6-w10-132104.html,29361,0.0,https://cdn.vatanbilgisayar.com/Upload/PRODUCT/dell/thumb/132104-1_small.jpg
DELL G15 5511 11.NESIL CORE I7 11800H 16GB 512GB 15.6INC W10,https://www.vatanbilgisayar.com/dell-g15-11-nesil-core-i7-11800h-16gb-512gb-ssd-rtx3060-6gb-15-6-w10.html,29361,5.0,https://cdn.vatanbilgisayar.com/Upload/PRODUCT/dell/thumb/132102-1_small.jpg
DELL INSPIRON 15 3511 11.NESIL CORE I5 1135G7 8GB 256GB 15.6INC W11,https://www.vatanbilgisayar.com/dell-inspiron-15-3000-11-nesil-core-i5-1135g7-8gb-256gb-ssd-15-6-mx350-2gb-w11.html,16770,4.0,https://cdn.vatanbilgisayar.com/Upload/PRODUCT/dell/thumb/132101-1_small.jpg
DELL VOSTRO 14 5410 11.NESIL CORE I7 11370H 16GB 512GB 14INC W10P,https://www.vatanbilgisayar.com/dell-vostro-14-core-i7-11370h-3-3ghz-16gb-ram-512gb-ssd-14-mx450-2gb-w10pro.html,27050,4.0,https://cdn.vatanbilgisayar.com/Upload/PRODUCT/dell/thumb/129976-4_small.jpg
HP 14-CF3012NT 10.NESIL CORE I5 1035G1 8GB 256GB 14INC W10,https://www.vatanbilgisayar.com/hp-14-cf3012nt-core-i5-1035g1-1-0ghz-8gb-256gb-ssd-14-int-w10.html,8949,5.0,https://cdn.vatanbilgisayar.com/Upload/PRODUCT/hp/thumb/128511_small.jpg
HP 14S-FQ0014NT 3.NESIL RYZEN 3 3250U 4GB 128GB 14INC W10,https://www.vatanbilgisayar.com/hp-14s-fq0014nt-amd-ryzen-3-3250u-2-6ghz-4gb-128gb-ssd-15-6-amd-w10.html,7499,4.0,https://cdn.vatanbilgisayar.com/Upload/PRODUCT/hp/thumb/117657_small.jpg
HP 15-DA2033NT 10.NESIL CORE I5 10210U 4GB 256GB 15.6INC W10,https://www.vatanbilgisayar.com/hp-15-da2033nt-core-i5-10210u-1-6ghz-4gb-256gb-ssd-15-6-mx110-2gb-w10.html,12225,5.0,https://cdn.vatanbilgisayar.com/Upload/PRODUCT/hp/thumb/113099-1-1_small.jpg
HP 15-DW3008NT 11.NESIL CORE I5 1135G7 8GB 256GB 15.6INC W10,https://www.vatanbilgisayar.com/hp-15-dw3008nt-core-i5-1135g7-2-4ghz-8gb-256gb-ssd-15-6-mx350-2gb-w10.html,13499,4.0,https://cdn.vatanbilgisayar.com/Upload/PRODUCT/hp/thumb/122601_small.jpg
HP 15-DW3014NT 11.NESIL CORE I3 1115G4 8GB 256GB 15.6INC W10,https://www.vatanbilgisayar.com/hp-15-dw3014nt-core-i3-1115g4-1-7ghz-8gb-256gb-ssd-15-6-int-w10-notebook.html,11299,4.0,https://cdn.vatanbilgisayar.com/Upload/PRODUCT/hp/thumb/122483_small.jpg
HP 15-DW4008NT 12.NESIL CORE I5 1235U 8GB 512GB 15.6INC W11,https://www.vatanbilgisayar.com/hp-15-dw4008nt-12-nesil-core-i5-1235u-8gb-512gb-ssd-15-6inc-w11.html,15999,5.0,https://cdn.vatanbilgisayar.com/Upload/PRODUCT/hp/thumb/135425-1_small.jpg
HP 15S-FQ2023NT 11.NESIL CORE I5 1135G7 8GB 256GB 15.6INC W10,https://www.vatanbilgisayar.com/hp-15s-fq2023nt-core-i5-1135g7-2-4ghz-8gb-256gb-ssd-15-6-int-w10.html,13799,4.0,https://cdn.vatanbilgisayar.com/Upload/PRODUCT/hp/thumb/121997_small.jpg
HP 250 G7 10.NESIL CORE I5 1035G1 8GB 256GB 15.6INC W10,https://www.vatanbilgisayar.com/hp-250-g7-core-i5-1035g7-1-2ghz-8gb-256gb-ssd-15-6-int-w10.html,10799,4.0,https://cdn.vatanbilgisayar.com/Upload/PRODUCT/hp/thumb/118215_small.jpg
HP 250 G8 11.NESIL CORE I3 1115G4 8GB 256GB 15.6INC W10,https://www.vatanbilgisayar.com/hp-250-g8-core-i3-1115g4-3-0ghz-8gb-ram-256gb-ssd-15-6-int-w10.html,9299,4.0,https://cdn.vatanbilgisayar.com/Upload/PRODUCT/hp/thumb/130798-1_small.jpg
HP 255 G8 5.NESIL RYZEN 5 5500U 8GB 512GB 15.6INC W10,https://www.vatanbilgisayar.com/hp-255-g8-5-nesil-ryzen-5-5500u-8gb-512gb-ssd-15-6-w10.html,11099,4.0,https://cdn.vatanbilgisayar.com/Upload/PRODUCT/hp/thumb/132208-1_small.jpg
HP 255 G8 5.NESIL RYZEN 7 5700U 8GB 256GB 15.6INC W10,https://www.vatanbilgisayar.com/hp-255-g8-5-nesil-ryzen-7-5700u-8gb-256gb-ssd-15-6-w10.html,10099,0.0,https://cdn.vatanbilgisayar.com/Upload/PRODUCT/hp/thumb/132211-1-1_small.jpg
HP ELITEBOOK X360 8.NESIL CORE I5 8265U 8GB 256GB 13.3INC W10P,https://www.vatanbilgisayar.com/hp-elitebook-core-i5-8265u-1-6ghz-8gb-256gb-ssd-13-3-int-w10-pro-notebook.html,21007,0.0,https://cdn.vatanbilgisayar.com/Upload/PRODUCT/hp/thumb/112000_small.jpg
HP ENVY 13-BA0000NT 10.NESIL CORE I5 1035G1 8GB 512GB 13.3INC W10,https://www.vatanbilgisayar.com/hp-envy-13-ba0000nt-core-i5-1035g1-1-0ghz-8gb-512gb-ssd-13-3-int-w10.html,20499,0.0,https://cdn.vatanbilgisayar.com/Upload/PRODUCT/hp/thumb/118373_small.jpg
HP ENVY 13-BA1009NT 11.NESIL CORE I7 1165G7 16GB 512GB 13.3INC W10,https://www.vatanbilgisayar.com/hp-envy-13-ba1009nt-core-i7-1165g7-2-8ghz-16gb-512gb-ssd-13-3-mx450-2gb-w10.html,22999,5.0,https://cdn.vatanbilgisayar.com/Upload/PRODUCT/hp/thumb/122491-1-1_small.jpg
HP ENVY 13-BA1012NT 11.NESIL CORE I5 1135G7 8GB 512GB 13.3INC W10,https://www.vatanbilgisayar.com/hp-envy-13-ba1012nt-core-i5-1135g7-2-4ghz-8gb-512gb-ssd-13-3-int-w10.html,20999,5.0,https://cdn.vatanbilgisayar.com/Upload/PRODUCT/hp/thumb/118216_small.jpg
HP ENVY X360 13-AY1004NT 5.NESIL RYZEN 7 5800U 16GB 512GB 13.3INC W11,https://www.vatanbilgisayar.com/hp-envy-x360-13-ay1004nt-5-nesil-ryzen-7-5800u-16gb-512gb-ssd-13-3-w11.html,19999,0.0,https://cdn.vatanbilgisayar.com/Upload/PRODUCT/hp/thumb/132512-1_small.jpg
HP ENVY X360 13-BD0003NT 11.NESIL CORE I5 1135G7 8GB 512GB 13.3INC W10,https://www.vatanbilgisayar.com/hp-envy-x360-13-bd0003nt-core-i5-1135g7-2-4ghz-8gb-512gb-ssd-13-3-int-w10.html,18999,0.0,https://cdn.vatanbilgisayar.com/Upload/PRODUCT/hp/thumb/125587-1-1_small.jpg
HP ENVY X360 15-EU0021NN 5.NESIL RYZEN 7 5700U 16GB 512GB 15.6INC W10,https://www.vatanbilgisayar.com/hp-envy-x360-15-eu0021nn-5-nesil-ryzen-7-5700u-16gb-512gb-ssd-15-6-w10.html,19799,0.0,https://cdn.vatanbilgisayar.com/Upload/PRODUCT/hp/thumb/131852-1_small.jpg
HP ENVY X360 15-EU0022NN 5.NESIL RYZEN 5 5500U 8GB 512GB 15.6INC W10,https://www.vatanbilgisayar.com/hp-envy-x360-15-eu0022nn-amd-ryzen-5-5500u-2-1ghz-8gb-512gb-ssd-15-6-amd-w10.html,17499,0.0,https://cdn.vatanbilgisayar.com/Upload/PRODUCT/hp/thumb/128537_small.jpg
HP OMEN 15-EK1015NT 10.NESIL CORE I7 10870H 16GB 1TB 15.6INC W10,https://www.vatanbilgisayar.com/hp-omen-15-ek1015nt-core-i7-10870h-2-2ghz-16gb-512gb-ssd-15-6-rtx3070-8gb-w10.html,37599,0.0,https://cdn.vatanbilgisayar.com/Upload/PRODUCT/hp/thumb/129792_small.jpg
HP OMEN 15-EK1016NT 10.NESIL CORE I7 10870H 16GB 1TB 15.6INC W10,https://www.vatanbilgisayar.com/hp-omen-15-ek1016nt-10-nesil-core-i7-10870h-16gb-1tb-ssd-15-6-rtx3060-6gb-w10.html,31999,0.0,https://cdn.vatanbilgisayar.com/Upload/PRODUCT/hp/thumb/132532-1_small.jpg
HP OMEN 15-EN1006NT 5.NESIL RYZEN 7 5800H 16GB 512GB 15.6INC W10,https://www.vatanbilgisayar.com/omen-by-hp-15-en1006nt-ryzen-7-5800h-3-2ghz-16gb-512-ssd-15-6-rtx3060-6gb-w10.html,30999,0.0,https://cdn.vatanbilgisayar.com/Upload/PRODUCT/hp/thumb/128528-1-1_small.jpg
HP OMEN 15-EN1021NT 5.NESIL RYZEN 7 5800H 16GB 1TB 15.6INC W10,https://www.vatanbilgisayar.com/omen-hp-15-en1021nt-ryzen-7-5800h-3-2ghz-16gb-1-tb-15-6-rtx3070-6gb-w10.html,32999,5.0,https://cdn.vatanbilgisayar.com/Upload/PRODUCT/hp/thumb/130659-1_small.jpg
HP OMEN 16-B1001NT 12.NESIL CORE I7 12700H 16GB 1TB 16.1INC W11,https://www.vatanbilgisayar.com/hp-omen-16-b1001nt-12-nesil-core-i7-12700h-16gb-1tbssd-16-1inc-rtx3070ti-8gb-w11.html,48599,0.0,https://cdn.vatanbilgisayar.com/Upload/PRODUCT/hp/thumb/134518-1_small.jpg
HP OMEN 16-B1003NT 12.NESIL CORE I7 12700H 16GB 1TB 16.1INC W11,https://www.vatanbilgisayar.com/hp-omen-16-b1003nt-12-nesil-core-i7-12700h-16gb-1tb-ssd-16-1inc-rtx3070-8gb-w11.html,46699,5.0,https://cdn.vatanbilgisayar.com/Upload/PRODUCT/hp/thumb/134517-1_small.jpg
HP OMEN 16-C0026NT 5.NESIL RYZEN 9 5900HX 32GB 1TB 16.1INC W11,https://www.vatanbilgisayar.com/omen-by-hp-16-c0026nt-5-nesil-ryzen-9-5900hx-32gb-1tb-16-1inc-rx6600m-8gb-w11.html,36499,0.0,https://cdn.vatanbilgisayar.com/Upload/PRODUCT/hp/thumb/133100-1_small.jpg
HP OMEN 16-C0034NT 5.NESIL RYZEN 7 5800H 16GB 1TB 16.1INC W11,https://www.vatanbilgisayar.com/omen-by-hp-16-c0034nt-5-nesil-ryzen-7-5800h-16gb-1tb-16-1inc-rx6600m-8gb-w11.html,32499,0.0,https://cdn.vatanbilgisayar.com/Upload/PRODUCT/hp/thumb/1-133958_small.jpg
HP OMEN 16-C0036NT 5.NESIL RYZEN 7 5800H 16GB 512GB 16.1INC W11,https://www.vatanbilgisayar.com/omen-by-hp-16-c0036nt-5-nesil-ryzen-7-5800hx-16gb-512gb-16-1inc-rx6600m-8gb-w11.html,30999,0.0,https://cdn.vatanbilgisayar.com/Upload/PRODUCT/hp/thumb/1-133524_small.jpg
HP PAVILION 13-BB0007NT 11.NESIL CORE I7 1165G7 8GB 512GB 13.3INC W10,https://www.vatanbilgisayar.com/hp-pavilion-13-bb0007nt-core-i7-1165g7-2-8ghz-8gb-512gb-ssd-13-3-int-w10.html,12299,5.0,https://cdn.vatanbilgisayar.com/Upload/PRODUCT/hp/thumb/129794_small.jpg
HP PAVILION 14-DV0029NNT 11.NESIL CORE I7 1165G7 8GB 512GB 14INC W10,https://www.vatanbilgisayar.com/hp-pavilion-14-dv0029nt-core-i7-1165g7-2-8ghz-8gb-512gb-ssd-14-mx450-2gb-w10.html,20499,0.0,https://cdn.vatanbilgisayar.com/Upload/PRODUCT/hp/thumb/131506-1_small.jpg
HP PAVILION 14-EC0004NT 5.NESIL RYZEN 5 5500U 8GB 512GB 14INC W10,https://www.vatanbilgisayar.com/hp-pavilion-14-ec0004nt-amd-ryzen-5-5500u-2-1ghz-8gb-512gb-ssd-14-amd-w10.html,13499,0.0,https://cdn.vatanbilgisayar.com/Upload/PRODUCT/hp/thumb/128508_small.jpg
HP PAVILION 15-EC2010NT 5.NESIL RYZEN 5 5600H 8GB 256GB 15.6INC W10,https://www.vatanbilgisayar.com/hp-pavilion-15-ec2010nt-amd-ryzen-5-5600h-3-3ghz-8gb-256gb-ssd-15-6-gtx1650-w10.html,16399,4.0,https://cdn.vatanbilgisayar.com/Upload/PRODUCT/hp/thumb/128509_small.jpg
HP PAVILION 15-EC2030NT 5.NESIL RYZEN 5 5600H 8GB 256GB 15.6INC W10,https://www.vatanbilgisayar.com/hp-pavilion-15-ec2030nt-amd-ryzen-5-5600h-3-3ghz-8gb-256-ssd-15-6-rtx3050ti-w10.html,17999,4.0,https://cdn.vatanbilgisayar.com/Upload/PRODUCT/hp/thumb/128518-1_small.jpg
HP PAVILION 15-EG0017NT 11.NESIL CORE I5 1135G7 8GB 512GB 15.6INC W10,https://www.vatanbilgisayar.com/hp-pavilion-15-eg0017nt-core-i5-1135g7-2-4ghz-8gb-512gb-ssd-15-6-mx350-2gb-w10.html,17703,4.0,https://cdn.vatanbilgisayar.com/Upload/PRODUCT/hp/thumb/128520-1-1_small.jpg
HP PAVILION 15-EH0006NT 4.NESIL RYZEN 5 4500U 8GB 512GB 15.6INC W10,https://www.vatanbilgisayar.com/hp-15-eh0006nt-amd-ryzen-5-4500u-2-3ghz-8gb-512gb-ssd-15-6-amd-w10.html,14806,5.0,https://cdn.vatanbilgisayar.com/Upload/PRODUCT/hp/thumb/118080_small.jpg
HP PAVILION 15-EH0012NT 4.NESIL RYZEN 5 4500U 8GB 256GB 15.6INC W10,https://www.vatanbilgisayar.com/hp-pavilion-15-eh0012nt-amd-ryzen-5-4500u-2-3ghz-8gb-256gb-ssd-15-6-amd-w10.html,9999,4.0,https://cdn.vatanbilgisayar.com/Upload/PRODUCT/hp/thumb/118467_small.jpg
HP PAVILION 15-EH1007NT 5.NESIL RYZEN 7 5700U 8GB 512GB 15.6INC W10,https://www.vatanbilgisayar.com/hp-pavilion-15-eh1007nt-amd-ryzen-7-5700u-1-8ghz-16gb-512ssd-15-6-amd-w10.html,14999,5.0,https://cdn.vatanbilgisayar.com/Upload/PRODUCT/hp/thumb/129024_small.jpg
HP PAVILION 15-EH1010NT 5.NESIL RYZEN 5 5500U 8GB 512GB 15.6INC W10,https://www.vatanbilgisayar.com/hp-pavilion-15-eh1010nt-amd-ryzen-5-5500u-2-1ghz-8gb-512ssd-15-6-amd-w10.html,13199,4.0,https://cdn.vatanbilgisayar.com/Upload/PRODUCT/hp/thumb/130780-1_small.jpg
HP PAVILION 16-A0025NT 10.NESIL CORE I7 10870H 16GB 1TB 16.1INC W10,https://www.vatanbilgisayar.com/hp-pavilion-16-a0025nt-core-i7-10870h-2-2ghz-16gb-1tb-ssd-16-1-gtx1660ti-6gb-w10.html,26599,4.0,https://cdn.vatanbilgisayar.com/Upload/PRODUCT/hp/thumb/123267_small.jpg
HP PAVILION 16-A0029NT 10.NESIL CORE I5 10300H 8GB 512GB 16.1INC W10,https://www.vatanbilgisayar.com/hp-pavilion-16-a0029nt-core-i5-10300h-2-5ghz-8gb-512gb-16-1-gtx1650ti-4gb-w10.html,18999,4.0,https://cdn.vatanbilgisayar.com/Upload/PRODUCT/hp/thumb/127547_small.jpg
HP PAVILION AERO 13-BE0004NT 5.NESIL RYZEN 7 5800U 8GB 512GB 13.3INC W10,https://www.vatanbilgisayar.com/hp-pavilion-aero-13-be0004nt-amd-ryzen-7-5800h-1-9ghz-8gb-512gb-ssd-13-3-amd-w10.html,15499,0.0,https://cdn.vatanbilgisayar.com/Upload/PRODUCT/hp/thumb/128174-1-4_small.jpg
HP PAVILION AERO 13-BE0006NT 5.NESIL RYZEN 7 5800U 8GB 512GB 13.3INC W10,https://www.vatanbilgisayar.com/hp-pavilion-aero-13-be0006nt-amd-ryzen-7-5800u-1-9ghz-8gb-512gb-ssd-13-3-amd-w10.html,15499,0.0,https://cdn.vatanbilgisayar.com/Upload/PRODUCT/hp/thumb/130120_small.jpg
HP PAVILION AERO 13-BE0017NT 5.NESIL RYZEN 7 5800U 8GB 512GB 13.3INC W11,https://www.vatanbilgisayar.com/hp-pavilion-aero-13-be0017nt-5-nesil-ryzen-7-5800u-8gb-512gb-ssd-13-3inc-w11.html,14499,5.0,https://cdn.vatanbilgisayar.com/Upload/PRODUCT/hp/thumb/1-133514_small.jpg
HP SPECTRE X360 14-EA0007NT 11.NESIL CORE I7 1165G7 16GB 1TB 13.5INC W10,https://www.vatanbilgisayar.com/hp-spectre-x360-14-ea0007nt-core-i7-1165g7-2-8ghz-16gb-1tb-ssd-13-5-int-w10.html,32499,0.0,https://cdn.vatanbilgisayar.com/Upload/PRODUCT/hp/thumb/128523-1_small.jpg
HP SPECTRE X360 14-EA0008NT 11.NESIL CORE I7 1165G7 16GB 1TB 13.5INC W10,https://www.vatanbilgisayar.com/hp-spectre-x360-14-ea0008nt-11-nesil-core-i7-1165g7-16gb-1tb-ssd-13-5-w10.html,29999,0.0,https://cdn.vatanbilgisayar.com/Upload/PRODUCT/hp/thumb/132508-1_small.jpg
HP VICTUS 16-D0021NT CORE I7 11800H 16GB 1TB 16.1INC W10,https://www.vatanbilgisayar.com/victus-by-hp-16-d0021nt-core-i7-11800h-2-3ghz-16gb-1tb-ssd-16-1-rtx3060-6gb-w10.html,29999,0.0,https://cdn.vatanbilgisayar.com/Upload/PRODUCT/hp/thumb/130039_small.jpg
HP VICTUS 16-D0030NT 11.NESIL CORE I5 11400H 8GB 512GB 16.1INC W10,https://www.vatanbilgisayar.com/victus-by-hp-16-d0030nt-core-i5-11400h-2-2ghz-8gb-512ssd-16-1-rtx3050-4gb-w10.html,20999,4.0,https://cdn.vatanbilgisayar.com/Upload/PRODUCT/hp/thumb/129793_small.jpg
HP VICTUS 16-E0028NT 5.NESIL RYZEN 5 5600H 8GB 512GB 16.1INC W10,https://www.vatanbilgisayar.com/victus-by-hp-16-e0028nt-ryzen-5-3-3ghz-8gb-512gb-ssd-16-1-rtx3050ti-4gb-w10.html,20199,4.0,https://cdn.vatanbilgisayar.com/Upload/PRODUCT/hp/thumb/128524_small.jpg
HP VICTUS 16-E0071NT 5.NESIL RYZEN 5 5600H 8GB 512GB 16.1INC W11,https://www.vatanbilgisayar.com/victus-by-hp-16-e0071nt-5-nesil-ryzen-5-5600h-8gb-512gb-16-1inc-rtx3060-6gb-w11.html,26299,0.0,https://cdn.vatanbilgisayar.com/Upload/PRODUCT/hp/thumb/134514-1_small.jpg
HUAWEI MATEBOOK 14 11.NESIL CORE I5 1135G7 16GB 512GB 14INC W10,https://www.vatanbilgisayar.com/huawei-matebook-14-core-i5-1135g7-2-4ghz-16gb-512gb-ssd-14-int-grey.html,18999,5.0,https://cdn.vatanbilgisayar.com/Upload/PRODUCT/huawei/thumb/127653_small.jpg
HUAWEI MATEBOOK 16 5.NESIL RYZEN 7 5800H 16GB 512GB 16INC W11,https://www.vatanbilgisayar.com/huawei-matebook-16-5-nesil-ryzen-7-5800h-16gb-512gb-ssd-16inc-w11.html,21999,0.0,https://cdn.vatanbilgisayar.com/Upload/PRODUCT/huawei/thumb/133008-1_small.jpg
HUAWEI MATEBOOK D15 11.NESIL CORE I5 1135G7 8GB 256GB 15.6INC W11,https://www.vatanbilgisayar.com/huawei-matebook-d15-11-nesil-core-i5-1135g7-8gb-256gb-ssd-15-6-w11.html,12999,4.0,https://cdn.vatanbilgisayar.com/Upload/PRODUCT/huawei/thumb/132694-1_small.jpg
HUAWEI MATEBOOK D15 11.NESIL CORE I5 1135G7 8GB 256GB 15.6INC W11,https://www.vatanbilgisayar.com/huawei-matebook-d15-11-nesil-core-i5-1135g7-8gb-256gb-ssd-15-6-w11.html,12999,4.0,https://cdn.vatanbilgisayar.com/Upload/PRODUCT/huawei/thumb/132694-1_small.jpg
HUAWEI MATEBOOK D15 11.NESIL CORE I5 1135G7 8GB 512GB 15.6INC W11,https://www.vatanbilgisayar.com/huawei-matebook-d15-11-nesil-core-i5-1135g7-8gb-512gb-ssd-15-6-w11.html,13799,5.0,https://cdn.vatanbilgisayar.com/Upload/PRODUCT/huawei/thumb/132313-1_small.jpg
HUAWEI MATEBOOK D15 11.NESIL CORE I5 1135G7 8GB 512GB 15.6INC W11,https://www.vatanbilgisayar.com/huawei-matebook-d15-11-nesil-core-i5-1135g7-8gb-512gb-ssd-15-6inc-w11.html,13799,4.0,https://cdn.vatanbilgisayar.com/Upload/PRODUCT/huawei/thumb/133065-1_small.jpg
HUAWEI MATEBOOK D15 11.NESIL CORE I5 1135G7 8GB 512GB 15.6INC W11,https://www.vatanbilgisayar.com/huawei-matebook-d15-11-nesil-core-i5-1135g7-8gb-512gb-ssd-15-6inc-w11.html,13799,4.0,https://cdn.vatanbilgisayar.com/Upload/PRODUCT/huawei/thumb/133065-1_small.jpg
HUAWEI MATEBOOK D16 12.NESIL CORE I5 12450H 8GB 512GB 16INC W11,https://www.vatanbilgisayar.com/huawei-matebook-d16-12-nesil-core-i5-12450h-8gb-512gb-ssd-16inc-w11.html,16999,5.0,https://cdn.vatanbilgisayar.com/Upload/PRODUCT/huawei/thumb/1-134118_small.jpg
HUAWEI MATEBOOK D16 12.NESIL CORE I5 12450H 8GB 512GB 16INC W11,https://www.vatanbilgisayar.com/huawei-matebook-d16-12-nesil-core-i5-12450h-8gb-512gb-ssd-16inc-w11.html,16999,5.0,https://cdn.vatanbilgisayar.com/Upload/PRODUCT/huawei/thumb/1-134118_small.jpg
LENOVO IDEAPAD 3 10.NESIL CORE I5 10210U 8GB 512GB 15.6INC W11,https://www.vatanbilgisayar.com/lenovo-ideapad-3-10-nesil-core-i5-10210u-8gb-512gb-ssd-15-6inc-w11.html,13499,4.0,https://cdn.vatanbilgisayar.com/Upload/PRODUCT/lenovo/thumb/1-133477_small.jpg
LENOVO IDEAPAD 3 11.NESIL CORE I3 1115G4 4GB 256GB 15.6INC W11,https://www.vatanbilgisayar.com/lenovo-ideapad-3-11-nesil-core-i3-1115g4-4gb-256gb-ssd-15-6inc-w11.html,7499,4.0,https://cdn.vatanbilgisayar.com/Upload/PRODUCT/lenovo/thumb/135100-1_small.jpg
LENOVO IDEAPAD 3 11.NESIL CORE I3 1115G4 4GB 256GB 15.6INC W11,https://www.vatanbilgisayar.com/lenovo-ideapad-3-11-nesil-core-i3-1115g4-4gb-256gb-ssd-15-6inc-w11.html,7499,4.0,https://cdn.vatanbilgisayar.com/Upload/PRODUCT/lenovo/thumb/135100-1_small.jpg
LENOVO IDEAPAD 3 11.NESIL CORE I3 1115G4 8GB 256GB 15.6INC W11,https://www.vatanbilgisayar.com/lenovo-ideapad-3-11-nesil-core-i3-1115g4-8gb-256gb-ssd-15-6-w11.html,9499,4.0,https://cdn.vatanbilgisayar.com/Upload/PRODUCT/lenovo/thumb/132732-1_small.jpg
LENOVO IDEAPAD 3 11.NESIL CORE I3 1115G4 8GB 256GB 15.6INC W11,https://www.vatanbilgisayar.com/lenovo-ideapad-3-11-nesil-core-i3-1115g4-8gb-256gb-ssd-15-6inc-w11.html,8499,0.0,https://cdn.vatanbilgisayar.com/Upload/PRODUCT/lenovo/thumb/135417-1_small.jpg
LENOVO IDEAPAD 3 11.NESIL CORE I3 1115G4 8GB 256GB 15.6INC W11,https://www.vatanbilgisayar.com/lenovo-ideapad-3-11-nesil-core-i3-1115g4-8gb-256gb-ssd-15-6inc-w11.html,8499,0.0,https://cdn.vatanbilgisayar.com/Upload/PRODUCT/lenovo/thumb/135417-1_small.jpg
LENOVO IDEAPAD 3 11.NESIL CORE I5 1135G7 8GB 256GB 15.6INC W11,https://www.vatanbilgisayar.com/lenovo-ideapad-3-11-nesil-core-i5-1135g7-8gb-256gb-ssd-15-6inc-w11.html,12499,5.0,https://cdn.vatanbilgisayar.com/Upload/PRODUCT/lenovo/thumb/135097-1_small.jpg
LENOVO IDEAPAD 3 11.NESIL CORE I5 1135G7 8GB 512GB 15.6INC W11,https://www.vatanbilgisayar.com/lenovo-ideapad-3-11-nesil-core-i5-1135g7-8gb-512gb-ssd-15-6inc-w11.html,13999,0.0,https://cdn.vatanbilgisayar.com/Upload/PRODUCT/lenovo/thumb/135418-1_small.jpg
LENOVO IDEAPAD 3 12.NESIL CORE I5 1235U 8GB 512GB 15.6INC W11,https://www.vatanbilgisayar.com/lenovo-ideapad-3-12-nesil-core-i5-1235u-8gb-512gb-ssd-15-6inc-w11.html,15999,5.0,https://cdn.vatanbilgisayar.com/Upload/PRODUCT/lenovo/thumb/135315-1_small.jpg
LENOVO IDEAPAD 5 PRO 11.NESIL CORE I5 11300H 16GB 512GB 16INC W11,https://www.vatanbilgisayar.com/lenovo-ideapad-5-pro-11-nesil-core-i5-11300h-16gb-512gb-ssd-16-mx450-2gb-w11.html,24999,5.0,https://cdn.vatanbilgisayar.com/Upload/PRODUCT/lenovo/thumb/132733-1_small.jpg
LENOVO IDEAPAD 5 PRO 11.NESIL CORE I7 11370H 16GB 512GB 16INC W11,https://www.vatanbilgisayar.com/lenovo-ideapad-5-pro-11-nesil-core-i7-11370h-16gb-512gb-ssd-16-mx450-2gb-w11.html,27999,0.0,https://cdn.vatanbilgisayar.com/Upload/PRODUCT/lenovo/thumb/132541-1_small.jpg
LENOVO IP CREATO5 10.NESIL CORE I7 10750H 16GB 512GB 15.6INC W10,https://www.vatanbilgisayar.com/lenovo-ideapad-creator5-core-i7-10750h-2-6ghz-16gb-512ssd-15-6-gtx1650ti4gb-w10.html,29999,4.0,https://cdn.vatanbilgisayar.com/Upload/PRODUCT/lenovo/thumb/121982_small.jpg
LENOVO LEGION 5 11.NESIL CORE I7 11600H 16GB 1TB 15.6INC W11,https://www.vatanbilgisayar.com/lenovo-legion-5-11-nesil-core-i7-11600h-16gb-1tb-ssd-15-6inc-rtx3060-6gb-w11.html,39999,5.0,https://cdn.vatanbilgisayar.com/Upload/PRODUCT/lenovo/thumb/134370-1_small.jpg
LENOVO LEGION 5 11.NESIL CORE I7 11800H 16GB 1TB 17.3INC W11,https://www.vatanbilgisayar.com/lenovo-legion-5-11-nesil-core-i7-11800h-16gb-1tb-ssd-17-3-rtx3060-6gb-w11.html,41999,5.0,https://cdn.vatanbilgisayar.com/Upload/PRODUCT/lenovo/thumb/131695-1_small.jpg
LENOVO LEGION 5 PRO 11.NESIL CORE I7 11800H 16GB 1TB 16INC W11,https://www.vatanbilgisayar.com/lenovo-legion-5-pro-11-nesil-core-i7-11800h-16gb-1tb-ssd-16inc-rtx3070-8gb-w11.html,49999,0.0,https://cdn.vatanbilgisayar.com/Upload/PRODUCT/lenovo/thumb/135094-1_small.jpg
LENOVO LEGION 5 PRO 11.NESIL CORE I7 11800H 16GB 512GB 16INC W10,https://www.vatanbilgisayar.com/lenovo-legion-5-core-i7-11800h-2-3ghz-16gb-512gb-ssd-16-rtx3060-6gb-w10.html,41999,4.0,https://cdn.vatanbilgisayar.com/Upload/PRODUCT/lenovo/thumb/131885-0-1_small.jpg
LENOVO LEGION 5 PRO 11.NESIL CORE I7 11800H 16GB 512GB 16INC W11,https://www.vatanbilgisayar.com/lenovo-legion-5-pro-11-nesil-core-i7-11800h-16gb-512gb-ssd-16inc-rtx3060-6gb-w11.html,41999,0.0,https://cdn.vatanbilgisayar.com/Upload/PRODUCT/lenovo/thumb/133875-1_small.jpg
LENOVO YOGA 7 11.NESIL CORE I7 1165G7 16GB 512GB 15.6INC W11,https://www.vatanbilgisayar.com/lenovo-yoga-7-11-nesil-core-i7-1165g7-16gb-512gb-ssd-14inc-w11.html,28999,0.0,https://cdn.vatanbilgisayar.com/Upload/PRODUCT/lenovo/thumb/135504-1_small.jpg
LENOVO YOGA 7 EVO 11.NESIL CORE I7 1165G7 8GB 512GB 14INC W11,https://www.vatanbilgisayar.com/lenovo-yoga-7-evo-11-nesil-core-i7-1165g7-8gb-512gb-ssd-14-w11.html,26999,4.0,https://cdn.vatanbilgisayar.com/Upload/PRODUCT/lenovo/thumb/1-131838_small.jpg
LENOVO YOGA 9 EVO 11.NESIL CORE I7 1185G7 16GB 1TB 14INC W10,https://www.vatanbilgisayar.com/lenovo-yoga-9-evo-core-i7-1185g7-3-0ghz-16gb-ram-1tb-ssd-14-int-touch-w10.html,39999,5.0,https://cdn.vatanbilgisayar.com/Upload/PRODUCT/lenovo/thumb/129014_small.jpg
LENOVO YOGA 9 EVO 11.NESIL CORE I7 1185G7 16GB 1TB 14INC W11,https://www.vatanbilgisayar.com/lenovo-yoga-9-evo-11-nesil-core-i7-1185g7-16gb-1tb-ssd-14-w11.html,44999,0.0,https://cdn.vatanbilgisayar.com/Upload/PRODUCT/lenovo/thumb/134368-1-1_small.jpg
APPLE MACBOOK AIR MGN63TU/A M1 0 8GB 256GB RETINA MACOS 13.3INC UZAY GRISI,https://www.vatanbilgisayar.com/macbook-air-m1-notebook.html,20999,4.0,https://cdn.vatanbilgisayar.com/Upload/PRODUCT/apple/thumb/114746_small.jpg
APPLE MACBOOK AIR MGND3TU/A M1 0 8GB 256GB RETINA MACOS 13.3INC ALTIN,https://www.vatanbilgisayar.com/macbook-air-mgn93tu-a-m1-8gb-256gbssd-retina-13-int-gold.html,20999,4.0,https://cdn.vatanbilgisayar.com/Upload/PRODUCT/apple/thumb/114751_small.jpg
APPLE MACBOOK AIR MLXW3TU/A M2 0 8GB 256GB RETINA MACOS 13.6INC UZAY GRISI,https://www.vatanbilgisayar.com/macbook-air-mlxw3tu-a-m2-8gb-256gb-ssd-liquid-retina-13-6inc-uzay-grisi.html,25899,5.0,https://cdn.vatanbilgisayar.com/Upload/PRODUCT/apple/thumb/1-134041_small.jpg
APPLE MACBOOK AIR MLXW3TU/A M2 0 8GB 256GB RETINA MACOS 13.6INC UZAY GRISI,https://www.vatanbilgisayar.com/macbook-air-mlxw3tu-a-m2-8gb-256gb-ssd-liquid-retina-13-6inc-uzay-grisi.html,25899,5.0,https://cdn.vatanbilgisayar.com/Upload/PRODUCT/apple/thumb/1-134041_small.jpg
APPLE MACBOOK AIR MLXX3TU/A M2 0 8GB 512GB RETINA MACOS 13.6INC UZAY GRISI,https://www.vatanbilgisayar.com/macbook-air-mlxx3tu-a-m2-8gb-512gb-ssd-liquid-retina-13-6inc-uzay-grisi.html,30599,0.0,https://cdn.vatanbilgisayar.com/Upload/PRODUCT/apple/thumb/1-134041-1_small.jpg
APPLE MACBOOK AIR MLXY3TU/A M2 0 8GB 256GB RETINA MACOS 13.6INC GUMUS,https://www.vatanbilgisayar.com/macbook-air-mlxy3tu-a-m2-8gb-256gb-ssd-liquid-retina-13-6inc-gumus.html,25899,0.0,https://cdn.vatanbilgisayar.com/Upload/PRODUCT/apple/thumb/1-134051-1_small.jpg
APPLE MACBOOK AIR MLY03TU/A M2 0 8GB 512GB RETINA MACOS 13.6INC GUMUS,https://www.vatanbilgisayar.com/macbook-air-mly03tu-a-m2-8gb-512gb-ssd-liquid-retina-13-6inc-gumus.html,30599,0.0,https://cdn.vatanbilgisayar.com/Upload/PRODUCT/apple/thumb/1-134051_small.jpg
APPLE MACBOOK AIR MLY13TU/A M2 0 8GB 256GB RETINA MACOS 13.6INC YILDIZ ISIGI,https://www.vatanbilgisayar.com/macbook-air-mly13tu-a-m2-8gb-256gb-ssd-liquid-retina-13-6inc-yildiz-isigi.html,25899,5.0,https://cdn.vatanbilgisayar.com/Upload/PRODUCT/apple/thumb/1-134052-1_small.jpg
APPLE MACBOOK AIR MLY23TU/A M2 0 8GB 512GB RETINA MACOS 13.6INC YILDIZ ISIGI,https://www.vatanbilgisayar.com/macbook-air-mly23tu-a-m2-8gb-512gb-ssd-liquid-retina-13-6inc-yildiz-isigi.html,30599,0.0,https://cdn.vatanbilgisayar.com/Upload/PRODUCT/apple/thumb/1-134052_small.jpg
APPLE MACBOOK AIR MLY33TU/A M2 0 8GB 256GB RETINA MACOS 13.6INC GECE YARISI,https://www.vatanbilgisayar.com/macbook-air-mly33tu-a-m2-8gb-256gb-ssd-liquid-retina-13-6inc-gece-yarisi.html,25899,5.0,https://cdn.vatanbilgisayar.com/Upload/PRODUCT/apple/thumb/1-134049_small.jpg
APPLE MACBOOK AIR MLY33TU/A M2 0 8GB 256GB RETINA MACOS 13.6INC GECE YARISI,https://www.vatanbilgisayar.com/macbook-air-mly33tu-a-m2-8gb-256gb-ssd-liquid-retina-13-6inc-gece-yarisi.html,25899,5.0,https://cdn.vatanbilgisayar.com/Upload/PRODUCT/apple/thumb/1-134049_small.jpg
APPLE MACBOOK AIR MLY43TU/A M2 0 8GB 512GB RETINA MACOS 13.6INC GECE YARISI,https://www.vatanbilgisayar.com/macbook-air-mly43tu-a-m2-8gb-512gb-ssd-liquid-retina-13-6inc-gece-yarisi.html,30599,0.0,https://cdn.vatanbilgisayar.com/Upload/PRODUCT/apple/thumb/1-134049-1_small.jpg
APPLE MACBOOK AIR Z15SM2JT16512 M2 0 16GB 512GB RETINA MACOS 13.6INC UZAY GRISI,https://www.vatanbilgisayar.com/mba-13inc-ug-m2-16gb-512gbssd-ozel-siparis.html,33999,0.0,https://cdn.vatanbilgisayar.com/Upload/PRODUCT/apple/thumb/135114-1_small.jpg
APPLE MACBOOK PRO MK183TU/A M1 0 16GB 512GB RETINA MACOS 16INC UZAY GRISI,https://www.vatanbilgisayar.com/macbook-pro-mk183tu-a-m1-pro-16gb-512gbssd-liquid-retina-16-space-grey.html,47399,5.0,https://cdn.vatanbilgisayar.com/Upload/PRODUCT/apple/thumb/130715-1-1_small.jpg
APPLE MACBOOK PRO MK193TU/A M1 0 16GB 1TB RETINA MACOS 16INC UZAY GRISI,https://www.vatanbilgisayar.com/macbook-pro-mk193tu-a-m1-pro-16gb-1tb-ssd-liquid-retina-16-space-grey.html,55599,5.0,https://cdn.vatanbilgisayar.com/Upload/PRODUCT/apple/thumb/130719-1-1_small.jpg
APPLE MACBOOK PRO MK1E3TU/A M1 0 16GB 512GB RETINA MACOS 16INC GUMUS,https://www.vatanbilgisayar.com/macbook-pro-mkgr3tu-a-m1-pro-16gb-512gbssd-liquid-retina-16-silver.html,47399,5.0,https://cdn.vatanbilgisayar.com/Upload/PRODUCT/apple/thumb/130714-1-1_small.jpg
APPLE MACBOOK PRO MK1F3TU/A M1 0 16GB 1TB RETINA MACOS 16INC GUMUS,https://www.vatanbilgisayar.com/macbook-pro-mk1f3tu-a-m1-pro-16gb-1tb-ssd-liquid-retina-16-silver.html,55599,5.0,https://cdn.vatanbilgisayar.com/Upload/PRODUCT/apple/thumb/130718-1-1_small.jpg
APPLE MACBOOK PRO MAX MK1H3TU/A M1 0 32GB 1TB RETINA MACOS 16INC GUMUS,https://www.vatanbilgisayar.com/macbook-pro-mk1h3tu-a-m1-max-16gb-1tb-ssd-liquid-retina-16-silver.html,71999,0.0,https://cdn.vatanbilgisayar.com/Upload/PRODUCT/apple/thumb/130721-1-1_small.jpg
APPLE MACBOOK PRO MKGP3TU/A M1 0 16GB 512GB RETINA MACOS 14INC UZAY GRISI,https://www.vatanbilgisayar.com/macbook-pro-mkgp3tu-a-m1-pro-16gb-512gbssd-liquid-retina-14-space-grey.html,38999,5.0,https://cdn.vatanbilgisayar.com/Upload/PRODUCT/apple/thumb/130712-1-1_small.jpg
APPLE MACBOOK PRO MKGQ3TU/A M1 0 16GB 1TB RETINA MACOS 14INC UZAY GRISI,https://www.vatanbilgisayar.com/macbook-pro-mkgq3tu-a-m1-pro-16gb-1tb-ssd-liquid-retina-14-space-grey.html,46499,5.0,https://cdn.vatanbilgisayar.com/Upload/PRODUCT/apple/thumb/130716-1-1_small.jpg
APPLE MACBOOK PRO MKGR3TU/A M1 0 16GB 512GB RETINA MACOS 14INC GUMUS,https://www.vatanbilgisayar.com/macbook-pro-mkgr3tu-a-m1-pro-16gb-512gbssd-liquid-retina-14-silver.html,38999,5.0,https://cdn.vatanbilgisayar.com/Upload/PRODUCT/apple/thumb/130713-1-1_small.jpg
APPLE MACBOOK PRO MKGT3TU/A M1 0 16GB 1TB RETINA MACOS 14INC GUMUS,https://www.vatanbilgisayar.com/macbook-pro-mkgt3tu-a-m1-pro-16gb-1tb-ssd-liquid-retina-14-silver.html,46499,5.0,https://cdn.vatanbilgisayar.com/Upload/PRODUCT/apple/thumb/130717-1-1_small.jpg
APPLE MACBOOK PRO MNEH3TU/A M2 0 8GB 256GB RETINA MACOS 13.3INC UZAY GRISI,https://www.vatanbilgisayar.com/macbook-pro-mneh3tu-a-m2-8gb-256gb-ssd-retina-13-3inc-uzay-grisi.html,26699,0.0,https://cdn.vatanbilgisayar.com/Upload/PRODUCT/apple/thumb/1-134065-1_small.jpg
APPLE MACBOOK PRO MNEJ3TU/A M2 0 8GB 512GB RETINA MACOS 13.3INC UZAY GRISI,https://www.vatanbilgisayar.com/macbook-pro-mnej3tu-a-m2-8gb-512gb-ssd-retina-13-3inc-uzay-grisi.html,31499,0.0,https://cdn.vatanbilgisayar.com/Upload/PRODUCT/apple/thumb/1-134065_small.jpg
APPLE MACBOOK PRO MNEP3TU/A M2 0 8GB 256GB RETINA MACOS 13.3INC GUMUS,https://www.vatanbilgisayar.com/macbook-pro-mnep3tu-a-m2-8gb-256gb-ssd-retina-13-3inc-gumus.html,26699,5.0,https://cdn.vatanbilgisayar.com/Upload/PRODUCT/apple/thumb/1-134059_small.jpg
APPLE MACBOOK PRO MNEQ3TU/A M2 0 8GB 512GB RETINA MACOS 13.3INC GUMUS,https://www.vatanbilgisayar.com/macbook-pro-mneq3tu-a-m2-8gb-512gb-ssd-retina-13-3inc-gumus.html,31499,0.0,https://cdn.vatanbilgisayar.com/Upload/PRODUCT/apple/thumb/1-134059-1_small.jpg
APPLE MACBOOK PRO MYD82TU/A M1 0 8GB 256GB RETINA MACOS 13INC UZAY GRISI,https://www.vatanbilgisayar.com/macbook-pro-myd82tu-a-m1-8gb-256gbssd-retina-13-3-int-space-grey.html,23999,4.0,https://cdn.vatanbilgisayar.com/Upload/PRODUCT/apple/thumb/114761_small.jpg
MSI ALPHA 17 5.NESIL RYZEN 7 5800H 16GB 1TB 17.3INC W11,https://www.vatanbilgisayar.com/msi-alpha-17-amd-ryzen-7-5800h-3-2ghz-16gb-1tb-ssd-17-3-rx6600m-8gb-w11.html,31559,5.0,https://cdn.vatanbilgisayar.com/Upload/PRODUCT/msi/thumb/131678-1_small.jpg
MSI BRAVO 15 5.NESIL RYZEN 7 5800H 16GB 512GB 15.6INC W11,https://www.vatanbilgisayar.com/msi-bravo-15-5-nesil-ryzen-7-5800h-16gb-512gb-ssd-15-6-rx5500m-4gb-w11.html,29601,0.0,https://cdn.vatanbilgisayar.com/Upload/PRODUCT/msi/thumb/132094-1_small.jpg
MSI CREATOR Z16 11.NESIL CORE I7 11800H 16GB 1TB 16INC W10,https://www.vatanbilgisayar.com/msi-creator-z16-core-i7-11800h-2-3ghz-16gb-1tb-ssd-16-rtx3060-6gb-w10.html,64045,5.0,https://cdn.vatanbilgisayar.com/Upload/PRODUCT/msi/thumb/1-min_small.jpg
MSI CREATOR Z17 12.NESIL CORE I7 12700H 32GB 1TB 17INC W11P,https://www.vatanbilgisayar.com/msi-creator-z17-12-nesil-core-i7-12700h-32gb-1tb-ssd-17-rtx3070ti-8gb-w11-pro.html,82086,0.0,https://cdn.vatanbilgisayar.com/Upload/PRODUCT/msi/thumb/132928-1_small.jpg
MSI CROSSHAIR 15 12.NESIL CORE I7 12700H 32GB 1TB 15.6INC W11,https://www.vatanbilgisayar.com/msi-crosshair-15-12-nesil-core-i7-12700h-32gb-1tb-ssd-15-6inc-rtx3070ti-8gb-w11.html,63238,0.0,https://cdn.vatanbilgisayar.com/Upload/PRODUCT/msi/thumb/1-133327_small.jpg
MSI CROSSHAIR 17 12.NESIL CORE I7 12700H 16GB 1TB 17.3INC W11,https://www.vatanbilgisayar.com/msi-crosshair-17-12-nesil-core-i7-12700h-16gb-1tb-ssd-17-3inc-rtx3070-8gb-w11.html,55165,0.0,https://cdn.vatanbilgisayar.com/Upload/PRODUCT/msi/thumb/1-133947_small.jpg
MSI GE76 RAIDER 12.NESIL CORE I7 12700H 32GB 1TB 17.3INC W11,https://www.vatanbilgisayar.com/msi-ge76-raider-12-nesil-core-i7-12700h-32gb-1tb-ssd-17-3-rtx3070ti-8gb-w11.html,77500,5.0,https://cdn.vatanbilgisayar.com/Upload/PRODUCT/msi/thumb/132091-1_small.jpg
MSI GE76 RAIDER 12.NESIL CORE I9 12900HK 64GB 2TB 17.3INC W11,https://www.vatanbilgisayar.com/msi-ge76-raider-12-nesil-core-i9-12900hk-64gb-2tb-ssd-17-3inc-rtx3080ti-16gb-w11.html,118403,0.0,https://cdn.vatanbilgisayar.com/Upload/PRODUCT/msi/thumb/1-133948_small.jpg
MSI GE77 RAIDER 12.NESIL CORE I7 12800HX 32GB 1TB 17.3INC W11,https://www.vatanbilgisayar.com/msi-ge77-raider-12-nesil-core-i7-12800hx-32gb-1tb-ssd-17-3inc-rtx3070ti-8gb-w11.html,80191,0.0,https://cdn.vatanbilgisayar.com/Upload/PRODUCT/msi/thumb/134640-1_small.jpg
MSI GT77 TITAN 12.NESIL CORE I9 12900HX 64GB 2TB 17.3INC W11,https://www.vatanbilgisayar.com/msi-gt77-titan-12-nesil-core-i9-12900hx-64gb-2tb-ssd-17-3inc-rtx3080ti-16gb-w11.html,126476,5.0,https://cdn.vatanbilgisayar.com/Upload/PRODUCT/msi/thumb/134824-1_small.jpg
MSI KATANA GF66 11.NESIL CORE I7 11800H 16GB 1TB 15.6INC FREEDOS,https://www.vatanbilgisayar.com/msi-katana-gf66-11-nesil-core-i7-11800h-16gb-1tb-ssd-15-6-rtx3060-6gb-freedos.html,36431,0.0,https://cdn.vatanbilgisayar.com/Upload/PRODUCT/msi/thumb/132664-1_small.jpg
MSI KATANA GF66 11.NESIL CORE I7 11800H 8GB 512GB 15.6INC W11,https://www.vatanbilgisayar.com/msi-katana-gf66-11-nesil-core-i7-11800h-8gb-512gb-ssd-15-6-rtx3060-6gb-w11.html,41705,0.0,https://cdn.vatanbilgisayar.com/Upload/PRODUCT/msi/thumb/132095-1_small.jpg
MSI KATANA GF76 12.NESIL CORE I7 12700H 16GB 512GB 17.3INC W11,https://www.vatanbilgisayar.com/msi-katana-gf76-12-nesil-core-i7-12700h-16gb-512gb-ssd-17-3-rtx3050-4gb-w11.html,38218,5.0,https://cdn.vatanbilgisayar.com/Upload/PRODUCT/msi/thumb/132662-1_small.jpg
MSI PULSE GL66 11.NESIL CORE I7 11800H 16GB 512GB 15.6INC W10,https://www.vatanbilgisayar.com/msi-pulse-gl66-core-i7-11800h-2-3ghz-16gb-512gb-ssd-15-6-rtx3050ti-4gb-w10.html,41710,5.0,https://cdn.vatanbilgisayar.com/Upload/PRODUCT/msi/thumb/123275_small.jpg
MSI PULSE GL66 11.NESIL CORE I7 11800H 8GB 512GB 15.6INC W10,https://www.vatanbilgisayar.com/msi-pulse-gl66-core-i7-11800h-2-4ghz-8gb-512gb-ssd-15-6-rtx3050-4gb-w10.html,39826,5.0,https://cdn.vatanbilgisayar.com/Upload/PRODUCT/msi/thumb/123274_small.jpg
MSI PULSE GL76 11.NESIL CORE I7 11800H 32GB 1TB 17.3INC W10,https://www.vatanbilgisayar.com/msi-pulse-gl76-core-i7-11800h-2-3ghz-32gb-1tb-ssd-17-3-rtx3060-6gb-w10.html,51128,4.0,https://cdn.vatanbilgisayar.com/Upload/PRODUCT/msi/thumb/127640_small.jpg
MSI PULSE GL76 12.NESIL CORE I7 12700H 32GB 1TB 17.3INC W10,https://www.vatanbilgisayar.com/msi-pulse-gl76-12-nesil-core-i7-12700h-32gb-1tb-ssd-17-3inc-rtx3060-6gb-w10.html,51657,5.0,https://cdn.vatanbilgisayar.com/Upload/PRODUCT/msi/thumb/1-133326_small.jpg
MSI SUMMIT E13 FLIP 11.NESIL CORE I7 1185G7 16GB 512GB 13.4INC W10P,https://www.vatanbilgisayar.com/summit-e13-flip-evo-core-i7-1185g7-3-00ghz-16gb-512gb-ssd-13-4-int-w10-pro.html,43056,5.0,https://cdn.vatanbilgisayar.com/Upload/PRODUCT/msi/thumb/128973-1_small.jpg
MSI SUMMIT E16 FLIP 11.NESIL CORE I7 1195G7 32GB 1TB 16INC W10P,https://www.vatanbilgisayar.com/msi-summit-e16-flip-core-i7-1195g7-2-9ghz-32gb-1tb-ssd-16-rtx3050-4gb-w10-pro.html,56241,0.0,https://cdn.vatanbilgisayar.com/Upload/PRODUCT/msi/thumb/129777-1_small.jpg